<html lang="fa"><head>
<meta charset="utf-8"/>
<meta content="IE=edge,chrome=1" http-equiv="X-UA-Compatible"/>
<meta content="width=device-width,initial-scale=1" name="viewport"/>
<title>خطا - Error</title>
</head>
<body>
<svg height="175px" style="margin: 10em auto 2em;
    display: block;" width="314px" xmlns="http://www.w3.org/2000/svg" xmlns:xlink="http://www.w3.org/1999/xlink">
<path d="M157.000,-0.000 C175.778,-0.000 191.000,15.222 191.000,34.000 C191.000,52.778 175.778,68.000 157.000,68.000 C138.222,68.000 123.000,52.778 123.000,34.000 C123.000,15.222 138.222,-0.000 157.000,-0.000 Z" fill="rgb(208, 52, 54)" fill-rule="evenodd"></path>
<path d="M160.120,16.502 L154.360,16.502 L154.880,40.682 L159.580,40.682 L160.120,16.502 ZM157.120,44.042 L153.300,47.862 L157.140,51.702 L160.960,47.882 L157.120,44.042 Z" fill="rgb(255, 255, 255)" fill-rule="evenodd"></path>
<path d="M197.510,91.808 L197.101,82.459 L197.101,79.199 L199.586,79.199 L199.586,82.459 L199.307,91.808 L197.510,91.808 ZM200.017,95.089 L198.263,96.837 L196.595,95.175 L198.338,93.417 L200.017,95.089 ZM180.973,89.664 L176.831,89.664 L176.831,96.751 L174.507,96.751 L174.507,79.221 L180.327,79.221 C182.307,79.221 183.831,79.669 184.900,80.566 C185.969,81.463 186.503,82.773 186.503,84.496 C186.503,85.583 186.207,86.531 185.616,87.343 C185.024,88.154 184.201,88.760 183.146,89.160 L187.278,96.612 L187.278,96.751 L184.782,96.751 L180.973,89.664 ZM184.169,84.496 C184.169,83.410 183.844,82.577 183.195,81.998 C182.546,81.419 181.611,81.126 180.392,81.119 L176.831,81.119 L176.831,87.766 L180.403,87.766 C181.550,87.766 182.465,87.470 183.146,86.876 C183.828,86.283 184.169,85.490 184.169,84.496 ZM167.702,95.979 C166.636,96.651 165.397,96.987 163.984,96.987 C162.600,96.987 161.371,96.649 160.299,95.974 C159.227,95.298 158.395,94.332 157.803,93.074 C157.211,91.816 156.908,90.361 156.894,88.710 L156.894,87.445 C156.894,85.758 157.186,84.267 157.771,82.973 C158.355,81.680 159.185,80.690 160.261,80.003 C161.337,79.317 162.571,78.974 163.963,78.974 C165.368,78.974 166.609,79.314 167.685,79.993 C168.761,80.672 169.590,81.656 170.171,82.947 C170.752,84.237 171.042,85.736 171.042,87.445 L171.042,88.549 C171.042,90.272 170.752,91.773 170.171,93.052 C169.590,94.332 168.767,95.307 167.702,95.979 ZM168.729,87.423 C168.729,85.343 168.311,83.747 167.476,82.636 C166.640,81.524 165.469,80.968 163.963,80.968 C162.492,80.968 161.336,81.524 160.493,82.636 C159.650,83.747 159.218,85.289 159.196,87.262 L159.196,88.549 C159.196,90.565 159.621,92.148 160.471,93.299 C161.321,94.450 162.492,95.025 163.984,95.025 C165.483,95.025 166.643,94.482 167.465,93.395 C168.286,92.309 168.708,90.751 168.729,88.720 L168.729,87.423 ZM148.727,89.664 L144.585,89.664 L144.585,96.751 L142.261,96.751 L142.261,79.221 L148.082,79.221 C150.062,79.221 151.586,79.669 152.655,80.566 C153.723,81.463 154.258,82.773 154.258,84.496 C154.258,85.583 153.962,86.531 153.370,87.343 C152.778,88.154 151.955,88.760 150.901,89.160 L155.032,96.612 L155.032,96.751 L152.536,96.751 L148.727,89.664 ZM151.923,84.496 C151.923,83.410 151.598,82.577 150.949,81.998 C150.300,81.419 149.366,81.126 148.146,81.119 L144.585,81.119 L144.585,87.766 L148.157,87.766 C149.305,87.766 150.219,87.470 150.901,86.876 C151.582,86.283 151.923,85.490 151.923,84.496 ZM133.492,89.664 L129.350,89.664 L129.350,96.751 L127.026,96.751 L127.026,79.221 L132.847,79.221 C134.826,79.221 136.351,79.669 137.419,80.566 C138.488,81.463 139.023,82.773 139.023,84.496 C139.023,85.583 138.727,86.531 138.135,87.343 C137.543,88.154 136.720,88.760 135.666,89.160 L139.797,96.612 L139.797,96.751 L137.301,96.751 L133.492,89.664 ZM136.688,84.496 C136.688,83.410 136.363,82.577 135.714,81.998 C135.065,81.419 134.131,81.126 132.911,81.119 L129.350,81.119 L129.350,87.766 L132.922,87.766 C134.070,87.766 134.984,87.470 135.666,86.876 C136.347,86.283 136.688,85.490 136.688,84.496 ZM112.974,79.221 L124.024,79.221 L124.024,81.119 L115.288,81.119 L115.288,86.758 L122.916,86.758 L122.916,88.645 L115.288,88.645 L115.288,94.864 L124.153,94.864 L124.153,96.751 L112.974,96.751 L112.974,79.221 Z" fill="rgb(208, 52, 54)" fill-rule="evenodd"></path>
<path d="M313.442,164.076 C313.431,164.291 313.392,164.532 313.325,164.798 C313.258,165.065 313.163,165.329 313.038,165.590 C312.913,165.850 312.744,166.091 312.529,166.311 C311.921,166.920 311.042,167.224 309.895,167.224 L309.573,167.224 L309.234,167.224 L307.295,167.224 C306.872,167.224 306.464,167.206 306.073,167.168 C305.682,167.130 305.334,167.090 305.030,167.046 C304.725,167.003 304.477,166.962 304.286,166.924 C304.095,166.887 303.991,166.865 303.973,166.859 C303.411,167.021 302.863,167.123 302.330,167.163 C301.796,167.204 301.301,167.224 300.843,167.224 L295.817,167.224 L295.643,167.224 L295.469,167.224 L295.469,167.219 C294.804,167.211 294.145,167.169 293.495,167.081 C292.788,166.985 292.101,166.827 291.434,166.607 C290.889,166.816 290.225,166.971 289.443,167.072 C288.713,167.167 287.933,167.213 287.112,167.219 L287.112,167.224 L286.939,167.224 C286.939,167.224 286.939,167.224 286.939,167.224 C286.938,167.224 286.938,167.224 286.938,167.224 L286.765,167.224 L286.765,167.219 C286.203,167.206 285.715,167.135 285.308,166.998 C284.859,166.848 284.478,166.616 284.165,166.303 C283.973,166.111 283.827,165.906 283.725,165.685 C283.624,165.465 283.549,165.248 283.499,165.033 C283.450,164.819 283.423,164.614 283.417,164.420 C283.411,164.226 283.408,164.059 283.408,163.920 C283.408,163.874 283.409,163.736 283.412,163.507 C283.415,163.278 283.420,162.984 283.425,162.624 C283.431,162.265 283.434,161.853 283.434,161.390 C283.434,160.932 283.431,160.448 283.425,159.937 C283.425,159.439 283.420,158.920 283.408,158.381 C283.396,157.842 283.378,157.320 283.352,156.816 C283.325,156.311 283.294,155.846 283.256,155.420 C283.218,154.994 283.173,154.645 283.121,154.372 L284.826,154.059 C284.878,154.355 284.923,154.717 284.960,155.146 C284.998,155.575 285.030,156.042 285.056,156.546 C285.082,157.050 285.102,157.576 285.117,158.124 C285.131,158.672 285.139,159.207 285.139,159.729 L285.139,164.094 C285.139,164.291 285.149,164.475 285.169,164.646 C285.189,164.817 285.266,164.966 285.399,165.094 C285.533,165.227 285.731,165.332 285.995,165.407 C286.259,165.482 286.573,165.520 286.939,165.520 C287.373,165.520 287.788,165.506 288.182,165.476 C288.576,165.448 288.904,165.419 289.165,165.390 C288.411,164.729 288.034,163.981 288.034,163.146 C288.034,162.601 288.117,162.088 288.282,161.607 C288.447,161.126 288.686,160.685 288.999,160.285 C289.312,159.885 289.672,159.578 290.078,159.363 C290.449,159.166 290.828,159.068 291.217,159.068 L291.312,159.068 C291.828,159.091 292.280,159.213 292.669,159.433 C293.057,159.653 293.380,159.937 293.638,160.285 C293.896,160.633 294.086,161.024 294.208,161.459 C294.312,161.842 294.365,162.233 294.365,162.633 C294.365,162.685 294.359,162.840 294.347,163.098 C294.335,163.356 294.247,163.704 294.082,164.142 C293.917,164.579 293.678,164.969 293.365,165.311 C293.521,165.346 293.693,165.375 293.882,165.398 C294.070,165.421 294.265,165.442 294.465,165.459 C294.665,165.476 294.866,165.491 295.069,165.503 C295.272,165.514 295.466,165.520 295.652,165.520 L295.817,165.520 L296.930,165.520 C297.011,165.392 297.148,165.159 297.343,164.820 C297.537,164.481 297.828,164.065 298.217,163.572 C298.280,163.201 298.328,162.746 298.360,162.207 C298.392,161.668 298.411,161.027 298.417,160.285 L298.417,159.972 C298.417,159.352 298.401,158.723 298.369,158.085 C298.337,157.448 298.286,156.787 298.217,156.103 C298.153,155.419 298.104,154.910 298.069,154.576 C298.034,154.243 298.017,154.074 298.017,154.068 L299.773,153.755 C300.046,155.778 300.182,157.906 300.182,160.137 C300.182,160.578 300.176,161.021 300.164,161.468 C301.573,160.163 302.906,159.404 304.164,159.190 C304.425,159.149 304.683,159.129 304.938,159.129 C305.257,159.129 305.631,159.174 306.060,159.263 C306.489,159.353 306.924,159.613 307.364,160.042 C307.625,160.303 307.828,160.585 307.973,160.890 C308.118,161.194 308.205,161.537 308.234,161.920 C308.240,161.995 308.243,162.074 308.243,162.155 C308.243,162.392 308.212,162.650 308.151,162.929 C308.091,163.207 307.998,163.488 307.873,163.772 C307.748,164.056 307.606,164.317 307.447,164.555 C307.288,164.792 307.127,164.990 306.964,165.146 C306.825,165.285 306.683,165.410 306.538,165.520 L309.234,165.520 L309.582,165.520 L309.895,165.520 C310.550,165.520 311.016,165.381 311.295,165.103 C311.590,164.801 311.738,164.236 311.738,163.407 L311.738,163.311 C311.738,162.934 311.724,162.391 311.695,161.681 C311.666,160.971 311.631,160.094 311.590,159.050 C311.567,158.413 311.539,157.817 311.508,157.263 C311.476,156.710 311.444,156.224 311.412,155.807 C311.380,155.390 311.352,155.052 311.329,154.794 C311.306,154.536 311.292,154.381 311.286,154.329 L312.990,154.146 C312.996,154.239 313.012,154.423 313.038,154.698 C313.064,154.974 313.093,155.323 313.125,155.746 C313.157,156.169 313.190,156.656 313.225,157.207 C313.260,157.758 313.292,158.352 313.321,158.990 C313.338,159.563 313.355,160.075 313.373,160.524 C313.390,160.974 313.405,161.372 313.416,161.720 C313.428,162.068 313.438,162.369 313.447,162.624 C313.455,162.879 313.460,163.103 313.460,163.294 L313.460,163.520 C313.460,163.676 313.454,163.862 313.442,164.076 ZM292.512,162.285 C292.478,162.071 292.401,161.843 292.282,161.603 C292.163,161.362 292.017,161.165 291.843,161.011 C291.669,160.858 291.486,160.781 291.295,160.781 C291.138,160.781 290.969,160.837 290.786,160.950 C290.604,161.063 290.434,161.223 290.278,161.429 C290.121,161.634 289.992,161.884 289.891,162.176 C289.789,162.469 289.738,162.792 289.738,163.146 C289.738,163.285 289.778,163.433 289.856,163.590 C289.934,163.746 290.044,163.898 290.186,164.046 C290.328,164.194 290.501,164.330 290.704,164.455 C290.907,164.579 291.130,164.674 291.373,164.737 C291.709,164.581 291.969,164.375 292.152,164.120 C292.334,163.865 292.454,163.590 292.512,163.294 C292.547,163.132 292.565,162.969 292.565,162.807 C292.565,162.674 292.547,162.500 292.512,162.285 ZM306.591,162.346 C306.591,162.236 306.579,162.126 306.556,162.016 C306.509,161.784 306.414,161.587 306.269,161.424 C306.124,161.262 305.951,161.133 305.751,161.037 C305.551,160.942 305.335,160.882 305.104,160.859 C305.028,160.853 304.953,160.850 304.877,160.850 C304.727,160.850 304.579,160.865 304.434,160.894 C303.837,161.027 303.192,161.332 302.499,161.807 C301.806,162.282 301.066,162.952 300.277,163.816 C300.133,163.972 299.998,164.126 299.873,164.276 C299.748,164.427 299.434,164.842 298.930,165.520 L299.764,165.520 C300.199,165.520 300.663,165.511 301.156,165.494 C301.648,165.476 302.156,165.417 302.677,165.316 C303.199,165.214 303.722,165.055 304.247,164.837 C304.772,164.620 305.280,164.308 305.773,163.903 C306.104,163.630 306.333,163.329 306.460,162.998 C306.547,162.784 306.591,162.566 306.591,162.346 ZM289.799,155.659 L291.217,154.242 L292.643,155.668 L291.225,157.085 L289.799,155.659 ZM275.468,132.529 C274.831,132.848 274.145,133.166 273.412,133.485 C272.679,133.804 271.910,134.092 271.108,134.350 C270.305,134.608 269.474,134.819 268.616,134.981 C267.758,135.143 266.892,135.224 266.016,135.224 L264.469,135.224 L264.129,135.224 L262.191,135.224 C261.767,135.224 261.360,135.206 260.969,135.168 C260.577,135.130 260.230,135.090 259.925,135.046 C259.621,135.003 259.373,134.962 259.182,134.924 C258.991,134.887 258.886,134.865 258.869,134.859 C258.306,135.021 257.759,135.123 257.225,135.163 C256.692,135.204 256.196,135.224 255.738,135.224 L250.712,135.224 L250.538,135.224 L250.364,135.224 L250.364,135.219 C249.803,135.206 249.315,135.135 248.908,134.998 C248.459,134.848 248.078,134.616 247.764,134.303 C247.573,134.111 247.427,133.906 247.325,133.685 C247.224,133.465 247.148,133.248 247.099,133.033 C247.050,132.819 247.022,132.614 247.017,132.420 C247.011,132.226 247.008,132.059 247.008,131.920 C247.008,131.874 247.009,131.736 247.012,131.507 C247.015,131.278 247.020,130.984 247.025,130.624 C247.031,130.265 247.034,129.853 247.034,129.390 C247.034,128.932 247.031,128.448 247.025,127.937 C247.025,127.439 247.020,126.920 247.008,126.381 C246.996,125.842 246.978,125.320 246.951,124.816 C246.925,124.311 246.893,123.846 246.856,123.420 C246.818,122.994 246.773,122.645 246.721,122.372 L248.425,122.059 C248.478,122.355 248.522,122.717 248.560,123.146 C248.598,123.575 248.630,124.042 248.656,124.546 C248.682,125.050 248.702,125.576 248.717,126.124 C248.731,126.672 248.738,127.207 248.738,127.729 L248.738,132.094 C248.738,132.291 248.748,132.475 248.769,132.646 C248.789,132.817 248.866,132.966 248.999,133.094 C249.133,133.227 249.331,133.332 249.595,133.407 C249.859,133.482 250.173,133.520 250.538,133.520 L250.712,133.520 L251.825,133.520 C251.906,133.392 252.044,133.159 252.238,132.820 C252.432,132.481 252.724,132.065 253.112,131.572 C253.176,131.201 253.224,130.746 253.256,130.207 C253.288,129.668 253.306,129.027 253.312,128.285 L253.312,127.972 C253.312,127.352 253.296,126.723 253.264,126.085 C253.232,125.448 253.182,124.787 253.112,124.103 C253.048,123.419 252.999,122.910 252.964,122.576 C252.930,122.243 252.912,122.074 252.912,122.068 L254.669,121.755 C254.941,123.778 255.077,125.906 255.077,128.137 C255.077,128.578 255.072,129.021 255.060,129.468 C256.469,128.163 257.802,127.404 259.060,127.190 C259.321,127.149 259.579,127.129 259.834,127.129 C260.153,127.129 260.527,127.174 260.956,127.263 C261.385,127.353 261.819,127.613 262.260,128.042 C262.521,128.303 262.724,128.585 262.869,128.890 C263.014,129.194 263.101,129.537 263.130,129.920 C263.135,129.995 263.138,130.074 263.138,130.155 C263.138,130.392 263.108,130.650 263.047,130.929 C262.986,131.207 262.893,131.488 262.769,131.772 C262.644,132.056 262.502,132.317 262.343,132.555 C262.183,132.792 262.022,132.990 261.860,133.146 C261.721,133.285 261.579,133.410 261.434,133.520 L264.129,133.520 L264.477,133.520 L266.016,133.520 C266.787,133.520 267.558,133.446 268.329,133.298 C269.100,133.150 269.860,132.955 270.608,132.711 C271.355,132.468 272.086,132.190 272.799,131.876 C273.512,131.563 274.199,131.242 274.860,130.911 C274.460,130.772 274.077,130.621 273.712,130.459 C273.347,130.297 272.987,130.132 272.634,129.963 C272.361,129.836 272.096,129.713 271.838,129.594 C271.580,129.475 271.331,129.369 271.090,129.276 C270.850,129.184 270.622,129.110 270.408,129.055 C270.193,129.000 269.996,128.972 269.816,128.972 C269.579,128.972 269.352,129.024 269.138,129.129 C268.924,129.233 268.725,129.365 268.542,129.524 C268.360,129.684 268.196,129.855 268.051,130.037 C267.906,130.220 267.782,130.391 267.677,130.550 C267.573,130.710 267.493,130.843 267.438,130.950 C267.383,131.058 267.355,131.114 267.355,131.120 L265.790,130.416 C265.796,130.404 265.821,130.353 265.864,130.263 C265.908,130.174 265.971,130.059 266.055,129.920 C266.139,129.781 266.241,129.621 266.360,129.442 C266.479,129.262 266.616,129.079 266.773,128.894 C267.225,128.349 267.705,127.940 268.212,127.668 C268.719,127.395 269.254,127.259 269.816,127.259 C270.095,127.259 270.377,127.291 270.664,127.355 C270.951,127.419 271.242,127.504 271.538,127.611 C271.834,127.719 272.135,127.842 272.442,127.981 C272.750,128.120 273.060,128.262 273.373,128.407 C273.715,128.569 274.061,128.729 274.412,128.885 C274.763,129.042 275.115,129.182 275.468,129.307 C275.822,129.432 276.176,129.532 276.529,129.607 C276.883,129.682 277.239,129.720 277.599,129.720 L277.929,131.372 C277.524,131.540 277.121,131.721 276.721,131.916 C276.321,132.110 275.903,132.314 275.468,132.529 ZM261.486,130.346 C261.486,130.236 261.474,130.126 261.451,130.016 C261.405,129.784 261.309,129.587 261.164,129.424 C261.019,129.262 260.847,129.133 260.647,129.037 C260.447,128.942 260.231,128.882 259.999,128.859 C259.924,128.853 259.848,128.850 259.773,128.850 C259.622,128.850 259.474,128.865 259.330,128.894 C258.732,129.027 258.088,129.332 257.395,129.807 C256.702,130.282 255.961,130.952 255.173,131.816 C255.028,131.972 254.893,132.126 254.769,132.276 C254.644,132.427 254.330,132.842 253.825,133.520 L254.660,133.520 C255.095,133.520 255.559,133.511 256.051,133.494 C256.544,133.476 257.051,133.417 257.573,133.316 C258.095,133.214 258.618,133.055 259.143,132.837 C259.667,132.620 260.176,132.308 260.669,131.903 C260.999,131.630 261.228,131.329 261.356,130.998 C261.443,130.784 261.486,130.566 261.486,130.346 ZM268.329,124.224 L269.747,122.807 L271.173,124.233 L269.755,125.650 L268.329,124.224 ZM241.365,138.068 L242.773,136.659 L244.199,138.076 L242.791,139.494 L241.365,138.068 ZM243.247,134.172 C242.960,134.433 242.631,134.642 242.260,134.798 C241.889,134.955 241.482,135.065 241.039,135.129 C240.595,135.192 240.136,135.224 239.660,135.224 L237.956,135.224 L237.608,135.224 L235.712,135.224 C235.909,135.387 236.070,135.550 236.195,135.716 C236.320,135.881 236.417,136.042 236.486,136.198 C236.556,136.355 236.602,136.505 236.625,136.650 C236.649,136.795 236.660,136.929 236.660,137.050 C236.654,137.543 236.541,137.981 236.321,138.363 C236.101,138.746 235.811,139.079 235.452,139.363 C235.092,139.647 234.683,139.887 234.225,140.081 C233.767,140.275 233.296,140.433 232.812,140.555 C232.328,140.676 231.849,140.763 231.373,140.816 C230.898,140.868 230.469,140.894 230.086,140.894 C229.582,140.894 229.060,140.869 228.521,140.820 C227.982,140.771 227.465,140.671 226.969,140.520 C226.473,140.369 226.015,140.156 225.595,139.881 C225.175,139.605 224.831,139.242 224.565,138.790 C224.002,137.966 223.721,136.920 223.721,135.650 C223.721,135.511 223.724,135.369 223.730,135.224 C223.805,133.648 224.298,131.758 225.208,129.555 L226.799,130.198 C225.889,132.436 225.434,134.259 225.434,135.668 C225.434,136.560 225.617,137.285 225.982,137.842 C226.220,138.184 226.514,138.446 226.865,138.629 C227.215,138.811 227.581,138.943 227.960,139.024 C228.340,139.105 228.717,139.152 229.091,139.163 C229.465,139.175 229.796,139.181 230.086,139.181 C230.254,139.181 230.492,139.168 230.799,139.142 C231.107,139.116 231.440,139.071 231.799,139.007 C232.159,138.943 232.525,138.858 232.899,138.750 C233.273,138.643 233.611,138.511 233.912,138.355 C234.214,138.198 234.462,138.013 234.656,137.798 C234.850,137.584 234.947,137.334 234.947,137.050 C234.947,136.981 234.915,136.898 234.852,136.803 C234.788,136.707 234.685,136.605 234.543,136.498 C234.401,136.391 234.217,136.276 233.991,136.155 C233.765,136.033 233.486,135.911 233.156,135.790 C232.953,135.720 232.752,135.656 232.552,135.598 C232.352,135.540 232.165,135.488 231.991,135.442 C231.817,135.395 231.657,135.356 231.512,135.324 C231.367,135.292 231.249,135.268 231.156,135.250 L230.965,135.216 L231.095,133.520 L237.608,133.520 L237.956,133.520 L239.286,133.520 C239.622,133.520 239.950,133.513 240.269,133.498 C240.588,133.484 240.883,133.442 241.156,133.372 C241.428,133.303 241.669,133.200 241.878,133.063 C242.086,132.927 242.249,132.737 242.365,132.494 C242.422,132.372 242.466,132.219 242.495,132.033 C242.512,131.911 242.521,131.781 242.521,131.642 C242.521,131.566 242.515,131.452 242.504,131.298 C242.492,131.145 242.454,130.933 242.391,130.663 C242.327,130.394 242.234,130.111 242.112,129.816 L241.356,127.955 L242.904,127.190 C242.904,127.195 242.930,127.255 242.982,127.368 C243.034,127.481 243.102,127.633 243.186,127.824 C243.270,128.016 243.362,128.237 243.460,128.490 C243.559,128.742 243.652,129.010 243.739,129.294 C243.999,130.134 244.150,130.876 244.191,131.520 C244.196,131.613 244.199,131.706 244.199,131.798 C244.199,132.326 244.112,132.790 243.939,133.190 C243.765,133.584 243.534,133.911 243.247,134.172 ZM224.957,163.372 C224.551,163.540 224.149,163.721 223.749,163.916 C223.349,164.110 222.931,164.314 222.496,164.529 C221.859,164.848 221.173,165.166 220.440,165.485 C219.706,165.804 218.938,166.092 218.136,166.350 C217.333,166.608 216.502,166.819 215.644,166.981 C214.786,167.143 213.919,167.224 213.044,167.224 L211.505,167.224 L211.331,167.224 L211.157,167.224 L211.157,167.217 C210.650,167.198 210.219,167.104 209.870,166.924 C209.482,166.724 209.163,166.465 208.914,166.146 C208.549,166.511 208.076,166.782 207.496,166.959 C206.923,167.134 206.215,167.222 205.375,167.224 L205.375,167.224 L205.349,167.224 L205.201,167.224 L205.027,167.224 L205.027,167.217 C204.723,167.209 204.442,167.184 204.197,167.133 C203.904,167.072 203.646,166.990 203.423,166.885 C203.199,166.781 203.004,166.658 202.836,166.516 C202.667,166.374 202.523,166.224 202.401,166.068 C202.157,166.259 201.912,166.427 201.666,166.572 C201.420,166.717 201.156,166.837 200.875,166.933 C200.594,167.029 200.288,167.101 199.957,167.150 C199.627,167.200 199.256,167.224 198.844,167.224 C198.160,167.224 197.527,167.084 196.944,166.803 C196.362,166.521 195.824,166.126 195.331,165.616 L196.314,164.233 C196.662,164.558 197.012,164.816 197.366,165.007 C197.720,165.198 198.070,165.332 198.418,165.407 C198.650,165.459 198.882,165.485 199.114,165.485 C199.224,165.485 199.388,165.475 199.605,165.455 C199.823,165.434 200.088,165.363 200.401,165.242 C200.697,165.126 200.939,165.000 201.127,164.863 C201.315,164.727 201.459,164.610 201.557,164.511 L198.810,157.903 L200.392,157.242 C200.670,157.920 200.924,158.537 201.153,159.094 C201.382,159.650 201.599,160.178 201.805,160.676 C202.011,161.175 202.214,161.666 202.414,162.150 C202.614,162.634 202.827,163.140 203.053,163.668 C203.169,163.946 203.281,164.200 203.388,164.429 C203.495,164.658 203.624,164.852 203.775,165.011 C203.925,165.171 204.114,165.295 204.340,165.385 C204.566,165.475 204.853,165.520 205.201,165.520 L205.349,165.520 C206.323,165.520 207.030,165.345 207.470,164.994 C207.911,164.643 208.131,164.123 208.131,163.433 C208.131,163.103 208.107,162.766 208.057,162.424 C208.008,162.082 207.920,161.691 207.792,161.250 L209.427,160.790 C209.485,160.992 209.534,161.188 209.575,161.376 C209.615,161.565 209.650,161.763 209.679,161.972 C209.708,162.181 209.736,162.407 209.762,162.650 C209.788,162.894 209.812,163.169 209.836,163.476 C209.853,163.691 209.885,163.917 209.931,164.155 C209.978,164.392 210.054,164.613 210.162,164.816 C210.269,165.019 210.417,165.187 210.605,165.320 C210.793,165.453 211.036,165.520 211.331,165.520 L211.505,165.520 L213.044,165.520 C213.815,165.520 214.586,165.446 215.357,165.298 C216.128,165.150 216.888,164.955 217.636,164.711 C218.383,164.468 219.114,164.190 219.827,163.876 C220.540,163.563 221.227,163.242 221.888,162.911 C221.488,162.772 221.105,162.621 220.740,162.459 C220.375,162.297 220.015,162.132 219.662,161.963 C219.389,161.836 219.124,161.713 218.866,161.594 C218.608,161.475 218.359,161.369 218.118,161.276 C217.878,161.184 217.650,161.110 217.436,161.055 C217.221,161.000 217.024,160.972 216.844,160.972 C216.606,160.972 216.380,161.024 216.166,161.129 C215.951,161.233 215.753,161.365 215.570,161.524 C215.388,161.684 215.224,161.855 215.079,162.037 C214.934,162.220 214.809,162.391 214.705,162.550 C214.601,162.710 214.521,162.843 214.466,162.950 C214.411,163.058 214.383,163.114 214.383,163.120 L212.818,162.416 C212.824,162.404 212.849,162.353 212.892,162.263 C212.936,162.174 212.999,162.059 213.083,161.920 C213.167,161.781 213.269,161.621 213.388,161.442 C213.506,161.262 213.644,161.079 213.801,160.894 C214.253,160.349 214.733,159.940 215.240,159.668 C215.747,159.395 216.282,159.259 216.844,159.259 C217.122,159.259 217.405,159.291 217.692,159.355 C217.979,159.419 218.270,159.504 218.566,159.611 C218.862,159.719 219.163,159.842 219.470,159.981 C219.778,160.120 220.088,160.262 220.401,160.407 C220.743,160.569 221.089,160.729 221.440,160.885 C221.791,161.042 222.143,161.182 222.496,161.307 C222.850,161.432 223.204,161.532 223.557,161.607 C223.911,161.682 224.267,161.720 224.627,161.720 L224.957,163.372 ZM215.722,133.390 C215.640,133.540 215.553,133.671 215.461,133.781 C215.252,134.036 215.007,134.255 214.726,134.437 C214.445,134.620 214.142,134.769 213.817,134.885 C213.492,135.001 213.155,135.085 212.804,135.137 C212.453,135.190 212.104,135.216 211.756,135.216 C211.478,135.216 211.149,135.182 210.769,135.116 C210.390,135.049 210.011,134.961 209.635,134.850 C209.258,134.740 208.913,134.619 208.600,134.485 C208.287,134.352 208.058,134.219 207.913,134.085 L208.626,132.450 C208.840,132.590 209.098,132.724 209.400,132.855 C209.701,132.985 210.023,133.098 210.365,133.194 C210.707,133.290 211.061,133.361 211.426,133.407 C211.646,133.436 211.864,133.450 212.078,133.450 C212.211,133.450 212.394,133.440 212.626,133.420 C212.858,133.400 213.119,133.332 213.409,133.216 C213.698,133.100 213.942,132.923 214.139,132.685 C214.226,132.581 214.269,132.424 214.269,132.216 C214.269,132.065 214.246,131.885 214.200,131.676 C214.136,131.392 214.033,131.095 213.891,130.785 C213.749,130.475 213.578,130.165 213.378,129.855 C213.178,129.545 212.956,129.243 212.713,128.950 C212.469,128.658 212.216,128.384 211.952,128.129 C211.688,127.874 211.420,127.648 211.148,127.450 C210.875,127.253 210.609,127.097 210.348,126.981 L211.052,125.398 C211.394,125.555 211.737,125.758 212.082,126.007 C212.427,126.256 212.765,126.537 213.095,126.850 C213.426,127.163 213.740,127.501 214.039,127.863 C214.337,128.226 214.610,128.600 214.856,128.985 C215.103,129.371 215.314,129.759 215.491,130.150 C215.668,130.542 215.800,130.920 215.887,131.285 C215.956,131.610 215.990,131.903 215.987,132.163 C215.984,132.424 215.959,132.656 215.913,132.859 C215.866,133.062 215.803,133.239 215.722,133.390 ZM207.792,159.207 L206.366,157.781 L207.783,156.363 L209.210,157.790 L207.792,159.207 ZM205.135,137.276 C204.871,137.717 204.558,138.137 204.195,138.537 C203.833,138.937 203.439,139.314 203.013,139.668 C202.587,140.021 202.137,140.347 201.665,140.646 C201.192,140.945 200.713,141.213 200.226,141.450 L199.469,139.920 C200.078,139.618 200.669,139.269 201.243,138.872 C201.817,138.475 202.329,138.042 202.778,137.572 C203.227,137.103 203.588,136.604 203.861,136.076 C204.133,135.549 204.269,135.004 204.269,134.442 C204.269,134.227 204.250,134.001 204.213,133.763 C204.175,133.526 204.127,133.282 204.069,133.033 C204.011,132.784 203.948,132.534 203.878,132.285 C203.809,132.036 203.742,131.792 203.678,131.555 C203.539,131.068 203.391,130.581 203.235,130.094 L204.887,129.572 C204.968,129.845 205.049,130.113 205.130,130.376 C205.211,130.640 205.284,130.906 205.348,131.172 C205.417,131.450 205.488,131.730 205.561,132.011 C205.633,132.292 205.700,132.571 205.761,132.846 C205.822,133.121 205.872,133.392 205.913,133.659 C205.953,133.926 205.974,134.187 205.974,134.442 C205.974,134.946 205.900,135.434 205.752,135.907 C205.604,136.379 205.398,136.836 205.135,137.276 ZM192.731,134.450 C192.453,134.734 192.105,134.952 191.687,135.103 C191.281,135.253 190.809,135.329 190.270,135.329 L190.209,135.329 C189.989,135.329 189.767,135.294 189.544,135.224 C189.321,135.155 189.108,135.061 188.905,134.942 C188.702,134.823 188.513,134.684 188.339,134.524 C188.166,134.365 188.018,134.192 187.896,134.007 C187.548,134.413 187.154,134.734 186.713,134.972 C186.273,135.210 185.806,135.329 185.313,135.329 C185.099,135.329 184.877,135.301 184.648,135.246 C184.419,135.191 184.200,135.108 183.992,134.998 C183.783,134.888 183.593,134.752 183.422,134.590 C183.251,134.427 183.119,134.239 183.026,134.024 C182.853,134.210 182.667,134.376 182.470,134.524 C182.273,134.672 182.058,134.798 181.826,134.903 C181.594,135.007 181.338,135.087 181.057,135.142 C180.824,135.187 180.567,135.209 180.296,135.217 L180.296,135.224 L180.131,135.224 L180.122,135.224 L179.948,135.224 L179.948,135.219 C179.387,135.206 178.898,135.135 178.492,134.998 C178.042,134.848 177.661,134.616 177.348,134.303 C177.157,134.111 177.010,133.906 176.909,133.685 C176.808,133.465 176.732,133.248 176.683,133.033 C176.634,132.819 176.606,132.614 176.600,132.420 C176.595,132.226 176.592,132.059 176.592,131.920 C176.592,131.874 176.593,131.736 176.596,131.507 C176.599,131.278 176.603,130.984 176.609,130.624 C176.615,130.265 176.618,129.853 176.618,129.390 C176.618,128.932 176.615,128.448 176.609,127.937 C176.609,127.439 176.603,126.920 176.592,126.381 C176.580,125.842 176.561,125.320 176.535,124.816 C176.509,124.311 176.477,123.846 176.440,123.420 C176.402,122.994 176.357,122.645 176.305,122.372 L178.009,122.059 C178.061,122.355 178.106,122.717 178.144,123.146 C178.182,123.575 178.213,124.042 178.240,124.546 C178.266,125.050 178.286,125.576 178.300,126.124 C178.315,126.672 178.322,127.207 178.322,127.729 L178.322,132.094 C178.322,132.291 178.332,132.475 178.353,132.646 C178.373,132.817 178.450,132.966 178.583,133.094 C178.716,133.227 178.915,133.332 179.179,133.407 C179.442,133.482 179.757,133.520 180.122,133.520 L180.139,133.520 C180.481,133.520 180.789,133.452 181.061,133.316 C181.334,133.179 181.576,133.000 181.787,132.776 C181.999,132.553 182.183,132.297 182.339,132.007 C182.496,131.717 182.632,131.414 182.748,131.098 C182.864,130.782 182.963,130.465 183.044,130.146 C183.125,129.827 183.194,129.526 183.253,129.242 L184.974,129.607 C184.928,129.746 184.871,129.926 184.805,130.146 C184.738,130.366 184.673,130.603 184.609,130.855 C184.545,131.107 184.490,131.365 184.444,131.629 C184.397,131.892 184.374,132.137 184.374,132.363 C184.374,132.520 184.389,132.672 184.418,132.820 C184.447,132.968 184.496,133.100 184.566,133.216 C184.635,133.332 184.731,133.424 184.853,133.494 C184.974,133.563 185.128,133.598 185.313,133.598 C185.609,133.598 185.874,133.517 186.109,133.355 C186.344,133.192 186.553,132.981 186.735,132.720 C186.918,132.459 187.077,132.163 187.213,131.833 C187.350,131.503 187.466,131.166 187.561,130.824 C187.657,130.482 187.735,130.150 187.796,129.829 C187.857,129.507 187.905,129.227 187.939,128.990 L189.609,129.294 L189.566,129.572 C189.531,129.763 189.492,129.994 189.448,130.263 C189.405,130.533 189.366,130.820 189.331,131.124 C189.296,131.429 189.279,131.700 189.279,131.937 C189.279,132.152 189.294,132.356 189.326,132.550 C189.358,132.745 189.410,132.916 189.483,133.063 C189.555,133.211 189.651,133.333 189.770,133.429 C189.889,133.524 190.035,133.581 190.209,133.598 C190.319,133.610 190.423,133.616 190.522,133.616 C190.690,133.616 190.857,133.594 191.022,133.550 C191.187,133.507 191.335,133.419 191.466,133.285 C191.596,133.152 191.690,132.984 191.748,132.781 C191.806,132.578 191.835,132.349 191.835,132.094 C191.835,131.763 191.790,131.407 191.700,131.024 C191.610,130.642 191.503,130.266 191.379,129.898 C191.254,129.530 191.123,129.188 190.987,128.872 C190.851,128.556 190.736,128.306 190.644,128.120 L192.166,127.320 C192.194,127.378 192.250,127.490 192.331,127.655 C192.412,127.820 192.505,128.023 192.609,128.263 C192.713,128.504 192.821,128.776 192.931,129.081 C193.041,129.385 193.144,129.703 193.239,130.033 C193.335,130.363 193.413,130.703 193.474,131.050 C193.535,131.398 193.566,131.737 193.566,132.068 C193.566,132.566 193.496,133.017 193.357,133.420 C193.218,133.823 193.009,134.166 192.731,134.450 ZM175.732,156.016 L174.306,154.590 L175.714,153.181 L177.141,154.598 L175.732,156.016 ZM176.080,158.459 C176.346,158.755 176.584,159.098 176.793,159.490 C177.001,159.881 177.171,160.298 177.301,160.742 C177.432,161.185 177.520,161.642 177.567,162.111 C177.584,162.314 177.593,162.514 177.593,162.711 C177.593,162.984 177.575,163.253 177.541,163.520 C177.471,164.048 177.326,164.506 177.106,164.894 C176.885,165.282 176.606,165.613 176.267,165.885 C175.928,166.158 175.539,166.379 175.101,166.550 C174.664,166.721 174.191,166.856 173.684,166.955 C173.177,167.053 172.645,167.121 172.088,167.159 C171.549,167.196 171.001,167.217 170.445,167.223 L170.445,167.224 L170.393,167.224 L170.271,167.224 L170.097,167.224 L170.097,167.217 C169.590,167.198 169.159,167.104 168.810,166.924 C168.422,166.724 168.103,166.465 167.854,166.146 C167.668,166.326 167.465,166.484 167.245,166.620 C167.025,166.756 166.764,166.869 166.463,166.959 C166.161,167.049 165.809,167.116 165.406,167.159 C165.003,167.203 164.529,167.224 163.984,167.224 L163.037,167.224 L162.863,167.224 L162.689,167.224 L162.689,167.219 C162.024,167.211 161.365,167.169 160.715,167.081 C160.008,166.985 159.321,166.827 158.654,166.607 C158.109,166.816 157.445,166.971 156.663,167.072 C155.930,167.167 155.148,167.213 154.324,167.219 L154.324,167.224 L154.158,167.224 L154.150,167.224 L153.984,167.224 L153.984,167.218 C153.800,167.211 153.598,167.197 153.363,167.168 C153.058,167.130 152.755,167.042 152.454,166.903 C151.996,166.688 151.613,166.334 151.306,165.842 C150.941,165.900 150.603,165.942 150.293,165.968 C149.983,165.994 149.686,166.007 149.402,166.007 C147.906,166.007 146.866,165.645 146.280,164.920 C146.118,164.729 146.003,164.520 145.937,164.294 C145.870,164.068 145.834,163.848 145.828,163.633 L145.828,163.476 C145.828,163.320 145.842,163.161 145.871,162.998 C145.900,162.836 145.941,162.694 145.993,162.572 C146.150,162.248 146.337,161.949 146.554,161.676 C146.771,161.404 147.003,161.159 147.250,160.942 C147.496,160.724 147.751,160.530 148.015,160.359 C148.279,160.188 148.534,160.037 148.780,159.907 C149.027,159.776 149.260,159.666 149.480,159.576 C149.700,159.487 149.892,159.413 150.054,159.355 C150.008,158.914 149.974,158.591 149.954,158.385 C149.934,158.179 149.924,158.074 149.924,158.068 L151.628,157.711 L151.628,157.703 C151.634,157.749 151.645,157.855 151.663,158.020 C151.680,158.185 151.700,158.379 151.724,158.603 C151.747,158.826 151.771,159.063 151.798,159.316 C151.824,159.568 151.848,159.804 151.871,160.024 C151.895,160.245 151.915,160.436 151.932,160.598 C151.950,160.761 151.961,160.862 151.967,160.903 C152.060,161.650 152.144,162.262 152.219,162.737 C152.295,163.213 152.361,163.592 152.419,163.876 C152.477,164.161 152.524,164.362 152.558,164.481 C152.593,164.600 152.619,164.676 152.637,164.711 C152.776,165.024 152.961,165.237 153.193,165.350 C153.425,165.463 153.744,165.520 154.150,165.520 L154.158,165.520 C154.593,165.520 155.008,165.506 155.402,165.476 C155.796,165.448 156.124,165.419 156.384,165.390 C155.631,164.729 155.254,163.981 155.254,163.146 C155.254,162.601 155.337,162.088 155.502,161.607 C155.667,161.126 155.906,160.685 156.219,160.285 C156.532,159.885 156.892,159.578 157.297,159.363 C157.668,159.166 158.048,159.068 158.437,159.068 L158.532,159.068 C159.048,159.091 159.500,159.213 159.889,159.433 C160.277,159.653 160.600,159.937 160.858,160.285 C161.116,160.633 161.306,161.024 161.428,161.459 C161.532,161.842 161.584,162.233 161.584,162.633 C161.584,162.685 161.579,162.840 161.567,163.098 C161.555,163.356 161.467,163.704 161.302,164.142 C161.137,164.579 160.897,164.969 160.584,165.311 C160.741,165.346 160.913,165.375 161.102,165.398 C161.290,165.421 161.484,165.442 161.684,165.459 C161.884,165.476 162.086,165.491 162.289,165.503 C162.492,165.514 162.686,165.520 162.871,165.520 L163.037,165.520 L163.984,165.520 C164.535,165.520 165.006,165.476 165.397,165.390 C165.789,165.303 166.107,165.172 166.354,164.998 C166.600,164.824 166.781,164.607 166.897,164.346 C167.013,164.085 167.071,163.781 167.071,163.433 C167.071,163.103 167.047,162.766 166.997,162.424 C166.948,162.082 166.860,161.691 166.732,161.250 L168.367,160.790 C168.425,160.992 168.474,161.188 168.515,161.376 C168.555,161.565 168.590,161.763 168.619,161.972 C168.648,162.181 168.676,162.407 168.702,162.650 C168.728,162.894 168.752,163.169 168.776,163.476 C168.793,163.691 168.825,163.917 168.871,164.155 C168.918,164.392 168.994,164.613 169.102,164.816 C169.209,165.019 169.357,165.187 169.545,165.320 C169.733,165.453 169.976,165.520 170.271,165.520 C170.909,165.520 171.498,165.489 172.041,165.429 C172.583,165.368 173.067,165.290 173.493,165.194 C173.919,165.098 174.280,164.992 174.575,164.876 C174.871,164.761 175.088,164.645 175.228,164.529 C175.303,164.465 175.364,164.407 175.410,164.355 C175.456,164.303 175.503,164.250 175.549,164.198 L174.671,164.198 C174.358,164.198 174.054,164.174 173.758,164.124 C173.462,164.075 173.184,164.001 172.923,163.903 C172.662,163.804 172.425,163.681 172.210,163.533 C171.996,163.385 171.813,163.216 171.662,163.024 C171.581,162.920 171.500,162.794 171.419,162.646 C171.338,162.498 171.271,162.329 171.219,162.137 C171.167,161.946 171.135,161.729 171.123,161.485 L171.123,161.337 C171.123,161.140 171.141,160.923 171.175,160.685 C171.338,159.804 171.648,159.068 172.106,158.476 C172.367,158.129 172.659,157.869 172.984,157.698 C173.309,157.527 173.645,157.442 173.993,157.442 C174.758,157.442 175.454,157.781 176.080,158.459 ZM150.502,162.963 C150.429,162.476 150.347,161.862 150.254,161.120 C150.115,161.178 149.950,161.249 149.758,161.333 C149.567,161.417 149.368,161.513 149.163,161.620 C148.957,161.727 148.754,161.845 148.554,161.972 C148.354,162.100 148.174,162.239 148.015,162.390 C147.855,162.540 147.727,162.701 147.628,162.872 C147.529,163.043 147.480,163.221 147.480,163.407 C147.480,163.592 147.540,163.746 147.658,163.868 C147.777,163.990 147.931,164.084 148.119,164.150 C148.308,164.217 148.521,164.262 148.758,164.285 C148.955,164.308 149.155,164.320 149.358,164.320 C149.399,164.320 149.489,164.319 149.628,164.316 C149.767,164.313 149.945,164.300 150.163,164.276 C150.380,164.253 150.564,164.227 150.715,164.198 C150.645,163.862 150.574,163.450 150.502,162.963 ZM159.732,162.285 C159.697,162.071 159.621,161.843 159.502,161.603 C159.383,161.362 159.237,161.165 159.063,161.011 C158.889,160.858 158.706,160.781 158.515,160.781 C158.358,160.781 158.189,160.837 158.006,160.950 C157.824,161.063 157.654,161.223 157.497,161.429 C157.341,161.634 157.212,161.884 157.110,162.176 C157.009,162.469 156.958,162.792 156.958,163.146 C156.958,163.285 156.997,163.433 157.076,163.590 C157.154,163.746 157.264,163.898 157.406,164.046 C157.548,164.194 157.721,164.330 157.924,164.455 C158.126,164.579 158.350,164.674 158.593,164.737 C158.929,164.581 159.189,164.375 159.371,164.120 C159.554,163.865 159.674,163.590 159.732,163.294 C159.767,163.132 159.784,162.969 159.784,162.807 C159.784,162.674 159.767,162.500 159.732,162.285 ZM173.993,159.163 C173.911,159.163 173.816,159.203 173.706,159.281 C173.596,159.359 173.485,159.476 173.375,159.633 C173.265,159.790 173.162,159.981 173.067,160.207 C172.971,160.433 172.897,160.694 172.845,160.990 C172.828,161.100 172.819,161.204 172.819,161.303 C172.819,161.430 172.838,161.563 172.875,161.703 C172.913,161.842 172.997,161.969 173.128,162.085 C173.258,162.201 173.426,162.288 173.632,162.346 C173.838,162.404 174.071,162.442 174.332,162.459 C174.628,162.471 174.906,162.476 175.167,162.476 C175.422,162.476 175.645,162.471 175.836,162.459 C175.796,161.897 175.687,161.366 175.510,160.868 C175.333,160.369 175.097,159.955 174.801,159.624 C174.709,159.520 174.591,159.417 174.449,159.316 C174.307,159.214 174.155,159.163 173.993,159.163 ZM173.575,154.590 L172.167,155.998 L170.741,154.581 L172.149,153.163 L173.575,154.590 ZM170.948,138.068 L172.357,136.659 L173.783,138.076 L172.374,139.494 L170.948,138.068 ZM170.218,138.068 L168.809,139.476 L167.383,138.059 L168.792,136.642 L170.218,138.068 ZM160.245,157.476 L158.819,156.050 L160.228,154.642 L161.654,156.059 L160.245,157.476 ZM158.089,156.050 L156.680,157.459 L155.254,156.042 L156.663,154.624 L158.089,156.050 ZM172.831,134.172 C172.544,134.433 172.215,134.642 171.844,134.798 C171.473,134.955 171.066,135.065 170.622,135.129 C170.179,135.192 169.719,135.224 169.244,135.224 L167.531,135.224 L167.288,135.224 L167.192,135.224 L167.192,135.219 C165.734,135.183 164.649,134.711 163.940,133.798 C163.708,133.520 163.528,133.204 163.401,132.850 C161.870,134.450 159.456,135.250 156.157,135.250 C154.395,135.239 152.936,135.029 151.779,134.620 C150.623,134.211 149.783,133.566 149.262,132.685 C149.093,132.401 148.965,132.108 148.875,131.807 C148.785,131.506 148.728,131.204 148.705,130.903 C148.693,130.752 148.688,130.604 148.688,130.459 C148.688,130.314 148.696,130.133 148.714,129.916 C148.731,129.698 148.775,129.459 148.844,129.198 C148.989,128.648 149.130,128.211 149.266,127.890 C149.402,127.568 149.485,127.387 149.514,127.346 L151.018,128.172 C151.018,128.178 150.992,128.236 150.940,128.346 C150.888,128.456 150.830,128.601 150.766,128.781 C150.702,128.961 150.640,129.169 150.579,129.407 C150.518,129.645 150.482,129.894 150.470,130.155 C150.465,130.224 150.462,130.297 150.462,130.372 C150.462,130.563 150.482,130.776 150.523,131.011 C150.563,131.246 150.656,131.485 150.801,131.729 C151.149,132.326 151.770,132.772 152.666,133.068 C153.562,133.363 154.725,133.514 156.157,133.520 C157.438,133.520 158.528,133.408 159.427,133.185 C160.325,132.962 161.073,132.607 161.670,132.120 C161.937,131.911 162.166,131.682 162.357,131.433 C162.549,131.184 162.712,130.926 162.849,130.659 C162.985,130.392 163.101,130.123 163.196,129.850 C163.292,129.578 163.378,129.311 163.453,129.050 L165.105,129.503 C165.076,129.607 165.043,129.736 165.005,129.890 C164.967,130.043 164.934,130.200 164.905,130.359 C164.876,130.519 164.853,130.674 164.836,130.824 C164.818,130.952 164.809,131.062 164.809,131.155 L164.809,131.224 C164.821,131.474 164.859,131.734 164.923,132.007 C164.986,132.279 165.108,132.523 165.288,132.737 C165.693,133.253 166.369,133.514 167.314,133.520 L167.531,133.520 L168.870,133.520 C169.206,133.520 169.534,133.513 169.853,133.498 C170.171,133.484 170.467,133.442 170.740,133.372 C171.012,133.303 171.253,133.200 171.461,133.063 C171.670,132.927 171.832,132.737 171.948,132.494 C172.006,132.372 172.050,132.219 172.079,132.033 C172.096,131.911 172.105,131.781 172.105,131.642 C172.105,131.566 172.099,131.452 172.087,131.298 C172.076,131.145 172.038,130.933 171.974,130.663 C171.911,130.394 171.818,130.111 171.696,129.816 L170.940,127.955 L172.487,127.190 C172.487,127.195 172.514,127.255 172.566,127.368 C172.618,127.481 172.686,127.633 172.770,127.824 C172.854,128.016 172.945,128.237 173.044,128.490 C173.142,128.742 173.235,129.010 173.322,129.294 C173.583,130.134 173.734,130.876 173.774,131.520 C173.780,131.613 173.783,131.706 173.783,131.798 C173.783,132.326 173.696,132.790 173.522,133.190 C173.348,133.584 173.118,133.911 172.831,134.172 ZM157.244,126.676 L158.653,125.268 L160.079,126.685 L158.670,128.103 L157.244,126.676 ZM153.679,126.668 L155.088,125.250 L156.514,126.676 L155.105,128.085 L153.679,126.668 ZM139.292,137.276 C139.028,137.717 138.715,138.137 138.353,138.537 C137.991,138.937 137.597,139.314 137.171,139.668 C136.744,140.021 136.295,140.347 135.823,140.646 C135.350,140.945 134.871,141.213 134.384,141.450 L133.627,139.920 C134.236,139.618 134.827,139.269 135.401,138.872 C135.975,138.475 136.486,138.042 136.936,137.572 C137.385,137.103 137.746,136.604 138.018,136.076 C138.291,135.549 138.427,135.004 138.427,134.442 C138.427,134.227 138.408,134.001 138.371,133.763 C138.333,133.526 138.285,133.282 138.227,133.033 C138.169,132.784 138.105,132.534 138.036,132.285 C137.966,132.036 137.900,131.792 137.836,131.555 C137.697,131.068 137.549,130.581 137.392,130.094 L139.044,129.572 C139.126,129.845 139.207,130.113 139.288,130.376 C139.369,130.640 139.442,130.906 139.505,131.172 C139.575,131.450 139.646,131.730 139.718,132.011 C139.791,132.292 139.858,132.571 139.918,132.846 C139.979,133.121 140.030,133.392 140.071,133.659 C140.111,133.926 140.131,134.187 140.131,134.442 C140.131,134.946 140.058,135.434 139.910,135.907 C139.762,136.379 139.556,136.836 139.292,137.276 ZM134.907,158.850 C135.237,159.163 135.552,159.501 135.850,159.863 C136.149,160.226 136.421,160.600 136.668,160.985 C136.914,161.371 137.125,161.759 137.302,162.150 C137.479,162.542 137.611,162.920 137.698,163.285 C137.768,163.610 137.801,163.903 137.798,164.163 C137.795,164.424 137.770,164.656 137.724,164.859 C137.678,165.062 137.614,165.239 137.533,165.390 C137.452,165.540 137.365,165.671 137.272,165.781 C137.063,166.036 136.818,166.255 136.537,166.437 C136.256,166.620 135.953,166.769 135.628,166.885 C135.304,167.001 134.966,167.085 134.615,167.137 C134.265,167.190 133.915,167.216 133.568,167.216 C133.289,167.216 132.960,167.182 132.581,167.116 C132.201,167.049 131.823,166.961 131.446,166.850 C131.069,166.740 130.724,166.619 130.411,166.485 C130.098,166.352 129.869,166.219 129.724,166.085 L130.437,164.450 C130.652,164.590 130.910,164.724 131.211,164.855 C131.512,164.985 131.834,165.098 132.176,165.194 C132.518,165.290 132.872,165.361 133.237,165.407 C133.457,165.436 133.675,165.450 133.889,165.450 C134.023,165.450 134.205,165.440 134.437,165.420 C134.669,165.400 134.930,165.332 135.220,165.216 C135.510,165.100 135.753,164.923 135.950,164.685 C136.037,164.581 136.081,164.424 136.081,164.216 C136.081,164.065 136.057,163.885 136.011,163.676 C135.947,163.392 135.844,163.095 135.702,162.785 C135.560,162.475 135.389,162.165 135.189,161.855 C134.989,161.545 134.768,161.243 134.524,160.950 C134.281,160.658 134.027,160.384 133.763,160.129 C133.499,159.874 133.231,159.648 132.959,159.450 C132.686,159.253 132.420,159.097 132.159,158.981 L132.863,157.398 C133.205,157.555 133.549,157.758 133.894,158.007 C134.238,158.256 134.576,158.537 134.907,158.850 ZM132.340,130.559 C132.294,130.719 132.248,130.879 132.201,131.042 C132.155,131.204 132.106,131.381 132.053,131.572 C131.816,131.572 131.626,131.569 131.484,131.563 C131.342,131.558 131.195,131.552 131.045,131.546 L130.827,131.546 C130.259,131.546 129.645,131.591 128.984,131.681 C128.323,131.771 127.652,131.911 126.971,132.103 C126.290,132.294 125.637,132.532 125.014,132.816 C124.391,133.100 123.837,133.424 123.353,133.790 C122.869,134.155 122.476,134.559 122.175,135.003 C121.874,135.446 121.703,135.923 121.662,136.433 L121.662,136.511 C121.662,137.143 121.797,137.698 122.066,138.176 C122.336,138.655 122.704,139.055 123.171,139.376 C123.637,139.698 124.174,139.937 124.779,140.094 C125.385,140.250 126.016,140.329 126.671,140.329 C127.500,140.329 128.279,140.207 129.010,139.963 C129.740,139.720 130.465,139.343 131.184,138.833 L132.175,140.233 C131.311,140.830 130.398,141.291 129.436,141.616 C128.474,141.940 127.442,142.103 126.340,142.103 C125.448,142.103 124.613,141.981 123.836,141.737 C123.059,141.494 122.382,141.140 121.806,140.676 C121.229,140.213 120.774,139.642 120.440,138.963 C120.107,138.285 119.940,137.514 119.940,136.650 C119.940,135.978 120.061,135.346 120.301,134.755 C120.542,134.163 120.876,133.624 121.306,133.137 C121.734,132.650 122.245,132.214 122.836,131.829 C123.427,131.443 124.072,131.117 124.771,130.850 C125.469,130.584 126.210,130.381 126.992,130.242 C127.775,130.103 128.572,130.030 129.384,130.024 C129.198,129.943 129.017,129.855 128.840,129.759 C128.663,129.663 128.489,129.566 128.319,129.468 C128.148,129.369 127.981,129.272 127.819,129.176 C127.656,129.081 127.503,128.995 127.358,128.920 C127.097,128.787 126.858,128.658 126.640,128.533 C126.423,128.408 126.206,128.295 125.988,128.194 C125.771,128.092 125.543,128.010 125.306,127.946 C125.068,127.882 124.798,127.848 124.497,127.842 C124.259,127.842 124.016,127.892 123.766,127.994 C123.517,128.095 123.275,128.229 123.040,128.394 C122.806,128.559 122.588,128.745 122.388,128.950 C122.188,129.156 122.019,129.366 121.879,129.581 C121.740,129.494 121.613,129.413 121.497,129.337 C121.381,129.262 121.268,129.188 121.158,129.116 C121.048,129.043 120.936,128.971 120.823,128.898 C120.710,128.826 120.592,128.749 120.471,128.668 C120.679,128.320 120.917,127.998 121.184,127.703 C121.450,127.407 121.749,127.148 122.079,126.924 C122.410,126.701 122.776,126.521 123.179,126.385 C123.582,126.249 124.024,126.163 124.506,126.129 C125.190,126.140 125.849,126.263 126.484,126.498 C127.119,126.733 127.743,127.050 128.358,127.450 C128.816,127.752 129.234,128.017 129.614,128.246 C129.994,128.475 130.353,128.672 130.692,128.837 C131.032,129.003 131.358,129.142 131.671,129.255 C131.984,129.368 132.303,129.459 132.627,129.529 C132.575,129.726 132.526,129.907 132.479,130.072 C132.433,130.237 132.387,130.400 132.340,130.559 ZM123.106,122.833 L124.523,121.416 L125.949,122.842 L124.532,124.259 L123.106,122.833 ZM117.755,166.172 C117.503,166.433 117.211,166.642 116.881,166.798 C116.550,166.955 116.181,167.065 115.772,167.129 C115.363,167.192 114.921,167.224 114.446,167.224 L113.411,167.224 L113.237,167.224 L113.063,167.224 L113.063,167.219 C112.502,167.206 112.014,167.135 111.607,166.998 C111.158,166.848 110.776,166.616 110.463,166.303 C110.272,166.111 110.126,165.906 110.024,165.685 C109.923,165.465 109.847,165.248 109.798,165.033 C109.749,164.819 109.721,164.614 109.716,164.420 C109.710,164.226 109.707,164.059 109.707,163.920 C109.707,163.874 109.708,163.736 109.711,163.507 C109.714,163.278 109.718,162.984 109.724,162.624 C109.730,162.265 109.733,161.853 109.733,161.390 C109.733,160.932 109.730,160.448 109.724,159.937 C109.724,159.439 109.718,158.920 109.707,158.381 C109.695,157.842 109.676,157.320 109.650,156.816 C109.624,156.311 109.592,155.846 109.555,155.420 C109.517,154.994 109.472,154.645 109.420,154.372 L111.124,154.059 C111.176,154.355 111.221,154.717 111.259,155.146 C111.297,155.575 111.329,156.042 111.355,156.546 C111.381,157.050 111.401,157.576 111.416,158.124 C111.430,158.672 111.437,159.207 111.437,159.729 L111.437,164.094 C111.437,164.291 111.447,164.475 111.468,164.646 C111.488,164.817 111.565,164.966 111.698,165.094 C111.832,165.227 112.030,165.332 112.294,165.407 C112.558,165.482 112.872,165.520 113.237,165.520 L113.411,165.520 L114.072,165.520 C114.408,165.520 114.718,165.513 115.003,165.498 C115.286,165.484 115.545,165.442 115.776,165.372 C116.008,165.303 116.211,165.200 116.385,165.063 C116.559,164.927 116.704,164.737 116.820,164.494 C116.878,164.372 116.921,164.219 116.950,164.033 C116.968,163.911 116.976,163.781 116.976,163.642 C116.976,163.566 116.971,163.452 116.959,163.298 C116.947,163.145 116.910,162.933 116.846,162.663 C116.782,162.394 116.689,162.111 116.568,161.816 L115.811,159.955 L117.359,159.190 C117.359,159.195 117.385,159.255 117.437,159.368 C117.489,159.481 117.558,159.633 117.642,159.824 C117.726,160.016 117.817,160.237 117.916,160.490 C118.014,160.742 118.107,161.010 118.194,161.294 C118.455,162.134 118.605,162.876 118.646,163.520 C118.652,163.613 118.655,163.706 118.655,163.798 C118.655,164.326 118.568,164.790 118.394,165.190 C118.220,165.584 118.007,165.911 117.755,166.172 ZM111.976,133.390 C111.894,133.540 111.807,133.671 111.715,133.781 C111.506,134.036 111.261,134.255 110.980,134.437 C110.699,134.620 110.396,134.769 110.071,134.885 C109.746,135.001 109.409,135.085 109.058,135.137 C108.707,135.190 108.358,135.216 108.010,135.216 C107.732,135.216 107.403,135.182 107.023,135.116 C106.644,135.049 106.265,134.961 105.889,134.850 C105.512,134.740 105.167,134.619 104.854,134.485 C104.541,134.352 104.312,134.219 104.167,134.085 L104.880,132.450 C105.094,132.590 105.352,132.724 105.654,132.855 C105.955,132.985 106.277,133.098 106.619,133.194 C106.961,133.290 107.315,133.361 107.680,133.407 C107.900,133.436 108.118,133.450 108.332,133.450 C108.465,133.450 108.648,133.440 108.880,133.420 C109.112,133.400 109.373,133.332 109.662,133.216 C109.952,133.100 110.196,132.923 110.393,132.685 C110.480,132.581 110.523,132.424 110.523,132.216 C110.523,132.065 110.500,131.885 110.454,131.676 C110.390,131.392 110.287,131.095 110.145,130.785 C110.003,130.475 109.832,130.165 109.632,129.855 C109.432,129.545 109.210,129.243 108.967,128.950 C108.723,128.658 108.470,128.384 108.206,128.129 C107.942,127.874 107.674,127.648 107.402,127.450 C107.129,127.253 106.862,127.097 106.602,126.981 L107.306,125.398 C107.648,125.555 107.991,125.758 108.336,126.007 C108.681,126.256 109.019,126.537 109.349,126.850 C109.680,127.163 109.994,127.501 110.293,127.863 C110.591,128.226 110.864,128.600 111.110,128.985 C111.357,129.371 111.568,129.759 111.745,130.150 C111.922,130.542 112.054,130.920 112.141,131.285 C112.210,131.610 112.244,131.903 112.241,132.163 C112.238,132.424 112.213,132.656 112.167,132.859 C112.120,133.062 112.057,133.239 111.976,133.390 ZM104.863,165.033 C104.805,164.784 104.742,164.534 104.672,164.285 C104.603,164.036 104.536,163.792 104.472,163.555 C104.333,163.068 104.185,162.581 104.029,162.094 L105.681,161.572 C105.762,161.845 105.843,162.113 105.924,162.376 C106.005,162.640 106.078,162.906 106.142,163.172 C106.211,163.450 106.282,163.730 106.355,164.011 C106.427,164.292 106.494,164.571 106.555,164.846 C106.616,165.121 106.666,165.392 106.707,165.659 C106.747,165.926 106.768,166.187 106.768,166.442 C106.768,166.946 106.694,167.434 106.546,167.907 C106.398,168.379 106.192,168.836 105.929,169.276 C105.665,169.717 105.352,170.137 104.990,170.537 C104.627,170.937 104.233,171.314 103.807,171.668 C103.381,172.021 102.932,172.347 102.459,172.646 C101.987,172.945 101.507,173.213 101.020,173.450 L100.263,171.920 C100.872,171.618 101.463,171.269 102.037,170.872 C102.611,170.475 103.123,170.042 103.572,169.572 C104.021,169.103 104.382,168.604 104.655,168.076 C104.927,167.549 105.063,167.004 105.063,166.442 C105.063,166.227 105.045,166.001 105.007,165.763 C104.969,165.526 104.921,165.282 104.863,165.033 ZM101.932,135.303 L100.219,135.207 C100.312,133.908 100.373,132.720 100.402,131.642 C100.413,131.155 100.419,130.688 100.419,130.242 C100.419,129.703 100.411,129.192 100.393,128.711 C100.277,125.900 100.121,123.581 99.924,121.755 L101.628,121.494 C101.877,123.848 102.025,125.958 102.071,127.824 C102.089,128.787 102.097,129.691 102.097,130.537 C102.097,131.048 102.090,131.729 102.076,132.581 C102.061,133.433 102.013,134.340 101.932,135.303 ZM100.542,164.207 C100.542,164.804 100.410,165.323 100.146,165.763 C99.882,166.204 99.496,166.549 98.985,166.798 C98.800,166.891 98.612,166.965 98.420,167.020 C98.229,167.075 98.046,167.119 97.872,167.150 C97.699,167.182 97.535,167.203 97.381,167.211 C97.227,167.220 97.099,167.224 96.994,167.224 C96.965,167.224 96.894,167.223 96.781,167.220 C96.668,167.217 96.526,167.203 96.355,167.176 C96.184,167.150 95.994,167.108 95.785,167.050 C95.577,166.992 95.365,166.911 95.151,166.807 C94.594,166.546 94.174,166.197 93.890,165.759 C93.606,165.321 93.464,164.804 93.464,164.207 C93.464,163.158 93.936,162.065 94.881,160.929 C95.072,160.703 95.256,160.500 95.433,160.320 C95.610,160.140 95.765,159.990 95.899,159.868 C95.725,159.711 95.585,159.590 95.481,159.503 C95.377,159.416 95.325,159.369 95.325,159.363 L96.420,158.033 C96.426,158.045 96.487,158.100 96.603,158.198 C96.719,158.297 96.871,158.433 97.059,158.607 C97.248,158.781 97.461,158.985 97.699,159.220 C97.936,159.455 98.180,159.711 98.429,159.990 C99.142,160.801 99.672,161.558 100.020,162.259 C100.368,162.961 100.542,163.610 100.542,164.207 ZM98.385,162.824 C98.090,162.285 97.661,161.711 97.099,161.103 C96.930,161.253 96.735,161.445 96.512,161.676 C96.288,161.908 96.078,162.163 95.881,162.442 C95.684,162.720 95.517,163.010 95.381,163.311 C95.245,163.613 95.177,163.911 95.177,164.207 C95.177,164.294 95.184,164.384 95.199,164.476 C95.213,164.569 95.245,164.661 95.294,164.750 C95.343,164.840 95.414,164.929 95.507,165.016 C95.600,165.103 95.725,165.181 95.881,165.250 C95.991,165.303 96.104,165.345 96.220,165.376 C96.336,165.408 96.443,165.433 96.542,165.450 C96.641,165.468 96.730,165.479 96.812,165.485 C96.893,165.491 96.954,165.494 96.994,165.494 C97.052,165.494 97.127,165.492 97.220,165.490 C97.313,165.487 97.414,165.476 97.525,165.459 C97.635,165.442 97.751,165.419 97.872,165.390 C97.994,165.361 98.110,165.320 98.220,165.268 C98.435,165.152 98.590,165.011 98.685,164.846 C98.781,164.681 98.829,164.468 98.829,164.207 C98.829,163.824 98.681,163.363 98.385,162.824 ZM97.515,133.390 C97.434,133.540 97.347,133.671 97.254,133.781 C97.046,134.036 96.801,134.255 96.519,134.437 C96.238,134.620 95.935,134.769 95.611,134.885 C95.286,135.001 94.948,135.085 94.598,135.137 C94.247,135.190 93.898,135.216 93.550,135.216 C93.272,135.216 92.943,135.182 92.563,135.116 C92.183,135.049 91.805,134.961 91.428,134.850 C91.051,134.740 90.706,134.619 90.393,134.485 C90.080,134.352 89.851,134.219 89.706,134.085 L90.419,132.450 C90.634,132.590 90.892,132.724 91.193,132.855 C91.495,132.985 91.816,133.098 92.159,133.194 C92.501,133.290 92.854,133.361 93.219,133.407 C93.440,133.436 93.657,133.450 93.872,133.450 C94.005,133.450 94.187,133.440 94.419,133.420 C94.651,133.400 94.912,133.332 95.202,133.216 C95.492,133.100 95.735,132.923 95.932,132.685 C96.019,132.581 96.063,132.424 96.063,132.216 C96.063,132.065 96.040,131.885 95.993,131.676 C95.929,131.392 95.827,131.095 95.685,130.785 C95.543,130.475 95.372,130.165 95.172,129.855 C94.972,129.545 94.750,129.243 94.506,128.950 C94.263,128.658 94.009,128.384 93.746,128.129 C93.482,127.874 93.214,127.648 92.941,127.450 C92.669,127.253 92.402,127.097 92.141,126.981 L92.846,125.398 C93.187,125.555 93.531,125.758 93.876,126.007 C94.221,126.256 94.559,126.537 94.889,126.850 C95.219,127.163 95.534,127.501 95.832,127.863 C96.131,128.226 96.403,128.600 96.650,128.985 C96.896,129.371 97.108,129.759 97.285,130.150 C97.461,130.542 97.593,130.920 97.680,131.285 C97.750,131.610 97.783,131.903 97.780,132.163 C97.777,132.424 97.753,132.656 97.706,132.859 C97.660,133.062 97.596,133.239 97.515,133.390 ZM86.411,134.798 C86.225,134.891 86.037,134.965 85.846,135.020 C85.655,135.075 85.472,135.119 85.298,135.150 C85.124,135.182 84.960,135.203 84.807,135.211 C84.653,135.220 84.524,135.224 84.420,135.224 C84.391,135.224 84.320,135.223 84.207,135.220 C84.094,135.217 83.952,135.203 83.781,135.176 C83.610,135.150 83.420,135.108 83.211,135.050 C83.002,134.992 82.791,134.911 82.576,134.807 C82.020,134.546 81.599,134.197 81.315,133.759 C81.031,133.321 80.889,132.804 80.889,132.207 C80.889,131.158 81.362,130.065 82.307,128.929 C82.498,128.703 82.682,128.500 82.859,128.320 C83.036,128.140 83.191,127.990 83.324,127.868 C83.150,127.711 83.011,127.590 82.907,127.503 C82.802,127.416 82.750,127.369 82.750,127.363 L83.846,126.033 C83.852,126.045 83.912,126.100 84.028,126.198 C84.144,126.297 84.296,126.433 84.485,126.607 C84.673,126.781 84.886,126.985 85.124,127.220 C85.362,127.455 85.605,127.711 85.855,127.990 C86.568,128.801 87.098,129.558 87.446,130.259 C87.794,130.961 87.968,131.610 87.968,132.207 C87.968,132.804 87.836,133.323 87.572,133.763 C87.308,134.204 86.921,134.549 86.411,134.798 ZM85.811,130.824 C85.515,130.285 85.086,129.711 84.524,129.103 C84.356,129.253 84.160,129.445 83.937,129.676 C83.714,129.908 83.504,130.163 83.307,130.442 C83.110,130.720 82.943,131.010 82.807,131.311 C82.670,131.613 82.602,131.911 82.602,132.207 C82.602,132.294 82.610,132.384 82.624,132.476 C82.638,132.569 82.670,132.661 82.720,132.750 C82.769,132.840 82.840,132.929 82.933,133.016 C83.025,133.103 83.150,133.181 83.307,133.250 C83.417,133.303 83.530,133.345 83.646,133.376 C83.762,133.408 83.869,133.433 83.968,133.450 C84.066,133.468 84.156,133.479 84.237,133.485 C84.318,133.491 84.379,133.494 84.420,133.494 C84.478,133.494 84.553,133.492 84.646,133.490 C84.738,133.487 84.840,133.476 84.950,133.459 C85.060,133.442 85.176,133.419 85.298,133.390 C85.420,133.361 85.536,133.320 85.646,133.268 C85.860,133.152 86.015,133.011 86.111,132.846 C86.207,132.681 86.255,132.468 86.255,132.207 C86.255,131.824 86.107,131.363 85.811,130.824 ZM82.908,156.224 L81.499,157.633 L80.073,156.216 L81.481,154.798 L82.908,156.224 ZM83.638,156.224 L85.047,154.816 L86.473,156.233 L85.064,157.650 L83.638,156.224 ZM81.881,165.498 C82.200,165.484 82.496,165.442 82.768,165.372 C83.041,165.303 83.281,165.200 83.490,165.063 C83.699,164.927 83.861,164.737 83.977,164.494 C84.035,164.372 84.078,164.219 84.108,164.033 C84.125,163.911 84.134,163.781 84.134,163.642 C84.134,163.566 84.128,163.452 84.116,163.298 C84.105,163.145 84.067,162.933 84.003,162.663 C83.939,162.394 83.847,162.111 83.725,161.816 L82.968,159.955 L84.516,159.190 C84.516,159.195 84.542,159.255 84.595,159.368 C84.647,159.481 84.715,159.633 84.799,159.824 C84.883,160.016 84.974,160.237 85.073,160.490 C85.171,160.742 85.264,161.010 85.351,161.294 C85.612,162.134 85.763,162.876 85.803,163.520 C85.809,163.613 85.812,163.706 85.812,163.798 C85.812,164.326 85.725,164.790 85.551,165.190 C85.377,165.584 85.147,165.911 84.860,166.172 C84.573,166.433 84.244,166.642 83.873,166.798 C83.502,166.955 83.095,167.065 82.651,167.129 C82.208,167.192 81.748,167.224 81.273,167.224 L79.569,167.224 L79.221,167.224 L79.047,167.224 C78.983,167.224 78.854,167.214 78.660,167.194 C78.466,167.174 78.244,167.117 77.995,167.024 C77.746,166.932 77.486,166.788 77.217,166.594 C76.947,166.400 76.705,166.129 76.490,165.781 C76.056,166.268 75.557,166.659 74.995,166.955 C74.432,167.250 73.783,167.488 73.047,167.668 C72.519,167.778 71.986,167.842 71.447,167.859 C71.331,167.865 71.218,167.868 71.108,167.868 C70.679,167.868 70.253,167.833 69.830,167.763 L70.125,166.068 C70.415,166.126 70.731,166.155 71.073,166.155 C71.160,166.155 71.334,166.150 71.595,166.142 C71.856,166.133 72.212,166.079 72.664,165.981 C72.572,165.471 72.435,164.942 72.256,164.394 C72.076,163.846 71.869,163.300 71.634,162.755 C71.399,162.210 71.148,161.674 70.882,161.146 C70.615,160.619 70.348,160.119 70.082,159.646 C69.815,159.174 69.560,158.737 69.317,158.337 C69.073,157.937 68.856,157.592 68.664,157.303 C68.473,157.013 68.321,156.785 68.208,156.620 C68.095,156.455 68.035,156.369 68.030,156.363 L69.430,155.372 C69.435,155.390 69.501,155.488 69.625,155.668 C69.750,155.848 69.914,156.092 70.117,156.403 C70.319,156.713 70.551,157.081 70.812,157.507 C71.073,157.933 71.346,158.401 71.630,158.911 C72.331,160.158 72.902,161.316 73.343,162.385 C73.783,163.455 74.102,164.450 74.299,165.372 C74.525,165.245 74.732,165.094 74.921,164.920 C75.109,164.746 75.269,164.555 75.399,164.346 C75.530,164.137 75.627,163.911 75.690,163.668 C75.731,163.511 75.751,163.349 75.751,163.181 C75.751,163.094 75.746,163.007 75.734,162.920 C75.693,162.288 75.647,161.633 75.595,160.955 C75.543,160.276 75.487,159.611 75.430,158.959 C75.372,158.307 75.317,157.688 75.264,157.103 C75.212,156.517 75.164,156.003 75.121,155.559 C75.077,155.116 75.043,154.762 75.017,154.498 C74.990,154.234 74.977,154.100 74.977,154.094 L76.682,153.911 C76.682,153.923 76.689,154.017 76.704,154.194 C76.718,154.371 76.738,154.613 76.764,154.920 C76.790,155.227 76.821,155.590 76.856,156.007 C76.890,156.424 76.928,156.876 76.969,157.363 C77.009,157.850 77.053,158.362 77.099,158.898 C77.146,159.434 77.192,159.975 77.238,160.520 C77.285,161.065 77.331,161.607 77.377,162.146 C77.424,162.685 77.467,163.198 77.508,163.685 C77.537,164.016 77.606,164.297 77.717,164.529 C77.827,164.761 77.967,164.950 78.138,165.098 C78.309,165.246 78.502,165.353 78.717,165.420 C78.931,165.487 79.157,165.520 79.395,165.520 L79.569,165.520 L80.899,165.520 C81.235,165.520 81.563,165.513 81.881,165.498 ZM72.811,135.303 L71.098,135.207 C71.191,133.908 71.252,132.720 71.281,131.642 C71.293,131.155 71.298,130.688 71.298,130.242 C71.298,129.703 71.290,129.192 71.272,128.711 C71.156,125.900 71.000,123.581 70.803,121.755 L72.507,121.494 C72.756,123.848 72.904,125.958 72.951,127.824 C72.968,128.787 72.977,129.691 72.977,130.537 C72.977,131.048 72.969,131.729 72.955,132.581 C72.940,133.433 72.893,134.340 72.811,135.303 ZM67.681,134.450 C67.403,134.734 67.055,134.952 66.638,135.103 C66.232,135.253 65.760,135.329 65.220,135.329 L65.160,135.329 C64.939,135.329 64.717,135.294 64.494,135.224 C64.271,135.155 64.058,135.061 63.855,134.942 C63.652,134.823 63.464,134.684 63.290,134.524 C63.116,134.365 62.968,134.192 62.847,134.007 C62.499,134.413 62.104,134.734 61.664,134.972 C61.223,135.210 60.757,135.329 60.264,135.329 C60.049,135.329 59.828,135.301 59.599,135.246 C59.370,135.191 59.151,135.108 58.942,134.998 C58.733,134.888 58.544,134.752 58.373,134.590 C58.202,134.427 58.070,134.239 57.977,134.024 C57.803,134.210 57.617,134.376 57.420,134.524 C57.223,134.672 57.009,134.798 56.777,134.903 C56.545,135.007 56.289,135.087 56.007,135.142 C55.772,135.188 55.512,135.210 55.238,135.218 L55.238,135.224 L55.081,135.224 L54.995,135.224 L54.899,135.224 L54.899,135.219 C53.441,135.183 52.356,134.711 51.647,133.798 C51.415,133.520 51.235,133.204 51.108,132.850 C49.577,134.450 47.163,135.250 43.864,135.250 C42.102,135.239 40.642,135.029 39.486,134.620 C38.329,134.211 37.490,133.566 36.969,132.685 C36.800,132.401 36.671,132.108 36.582,131.807 C36.492,131.506 36.435,131.204 36.412,130.903 C36.400,130.752 36.395,130.604 36.395,130.459 C36.395,130.314 36.403,130.133 36.421,129.916 C36.438,129.698 36.482,129.459 36.551,129.198 C36.696,128.648 36.837,128.211 36.973,127.890 C37.109,127.568 37.192,127.387 37.221,127.346 L38.725,128.172 C38.725,128.178 38.699,128.236 38.647,128.346 C38.595,128.456 38.537,128.601 38.473,128.781 C38.409,128.961 38.347,129.169 38.286,129.407 C38.225,129.645 38.189,129.894 38.177,130.155 C38.171,130.224 38.169,130.297 38.169,130.372 C38.169,130.563 38.189,130.776 38.229,131.011 C38.270,131.246 38.363,131.485 38.508,131.729 C38.856,132.326 39.477,132.772 40.373,133.068 C41.269,133.363 42.432,133.514 43.864,133.520 C45.145,133.520 46.235,133.408 47.134,133.185 C48.032,132.962 48.780,132.607 49.377,132.120 C49.644,131.911 49.873,131.682 50.064,131.433 C50.256,131.184 50.419,130.926 50.556,130.659 C50.692,130.392 50.808,130.123 50.903,129.850 C50.999,129.578 51.084,129.311 51.160,129.050 L52.812,129.503 C52.783,129.607 52.750,129.736 52.712,129.890 C52.674,130.043 52.641,130.200 52.612,130.359 C52.583,130.519 52.560,130.674 52.542,130.824 C52.525,130.952 52.516,131.062 52.516,131.155 L52.516,131.224 C52.528,131.474 52.566,131.734 52.629,132.007 C52.693,132.279 52.815,132.523 52.995,132.737 C53.400,133.253 54.076,133.514 55.021,133.520 L55.090,133.520 C55.432,133.520 55.739,133.452 56.012,133.316 C56.284,133.179 56.526,133.000 56.738,132.776 C56.949,132.553 57.133,132.297 57.290,132.007 C57.447,131.717 57.583,131.414 57.699,131.098 C57.815,130.782 57.913,130.465 57.994,130.146 C58.075,129.827 58.145,129.526 58.203,129.242 L59.925,129.607 C59.878,129.746 59.822,129.926 59.755,130.146 C59.689,130.366 59.623,130.603 59.560,130.855 C59.496,131.107 59.441,131.365 59.394,131.629 C59.348,131.892 59.325,132.137 59.325,132.363 C59.325,132.520 59.339,132.672 59.368,132.820 C59.397,132.968 59.447,133.100 59.516,133.216 C59.586,133.332 59.681,133.424 59.803,133.494 C59.925,133.563 60.078,133.598 60.264,133.598 C60.560,133.598 60.825,133.517 61.060,133.355 C61.294,133.192 61.503,132.981 61.686,132.720 C61.868,132.459 62.028,132.163 62.164,131.833 C62.300,131.503 62.416,131.166 62.512,130.824 C62.607,130.482 62.686,130.150 62.747,129.829 C62.807,129.507 62.855,129.227 62.890,128.990 L64.560,129.294 L64.516,129.572 C64.481,129.763 64.442,129.994 64.399,130.263 C64.355,130.533 64.316,130.820 64.281,131.124 C64.247,131.429 64.229,131.700 64.229,131.937 C64.229,132.152 64.245,132.356 64.277,132.550 C64.309,132.745 64.361,132.916 64.434,133.063 C64.506,133.211 64.602,133.333 64.720,133.429 C64.839,133.524 64.986,133.581 65.160,133.598 C65.270,133.610 65.374,133.616 65.473,133.616 C65.641,133.616 65.807,133.594 65.973,133.550 C66.138,133.507 66.286,133.419 66.416,133.285 C66.547,133.152 66.641,132.984 66.699,132.781 C66.757,132.578 66.786,132.349 66.786,132.094 C66.786,131.763 66.741,131.407 66.651,131.024 C66.561,130.642 66.454,130.266 66.329,129.898 C66.204,129.530 66.074,129.188 65.938,128.872 C65.802,128.556 65.687,128.306 65.594,128.120 L67.116,127.320 C67.145,127.378 67.200,127.490 67.281,127.655 C67.362,127.820 67.455,128.023 67.560,128.263 C67.664,128.504 67.771,128.776 67.881,129.081 C67.991,129.385 68.094,129.703 68.190,130.033 C68.286,130.363 68.364,130.703 68.425,131.050 C68.486,131.398 68.516,131.737 68.516,132.068 C68.516,132.566 68.447,133.017 68.307,133.420 C68.168,133.823 67.960,134.166 67.681,134.450 ZM44.951,126.676 L46.360,125.268 L47.786,126.685 L46.377,128.103 L44.951,126.676 ZM41.386,126.668 L42.795,125.250 L44.221,126.676 L42.812,128.085 L41.386,126.668 ZM37.752,154.616 L31.526,157.233 C31.810,157.476 32.120,157.749 32.456,158.050 C32.792,158.352 33.126,158.685 33.456,159.050 C33.897,159.537 34.259,160.003 34.543,160.446 C34.827,160.890 35.048,161.311 35.204,161.711 C35.361,162.111 35.465,162.488 35.517,162.842 C35.552,163.074 35.569,163.294 35.569,163.503 C35.569,163.624 35.559,163.791 35.539,164.003 C35.518,164.214 35.463,164.453 35.374,164.720 C35.284,164.987 35.178,165.230 35.056,165.450 C34.540,166.366 33.668,166.937 32.439,167.163 C32.236,167.204 31.984,167.224 31.682,167.224 L29.048,167.224 L28.874,167.224 L28.700,167.224 L28.700,167.217 C28.193,167.198 27.761,167.104 27.413,166.924 C27.024,166.724 26.705,166.465 26.456,166.146 C26.091,166.511 25.618,166.782 25.039,166.959 C24.465,167.134 23.758,167.222 22.917,167.224 L22.917,167.224 L22.891,167.224 L22.743,167.224 L22.569,167.224 L22.569,167.217 C22.063,167.198 21.631,167.104 21.283,166.924 C20.894,166.724 20.575,166.465 20.326,166.146 C20.140,166.326 19.938,166.484 19.717,166.620 C19.497,166.756 19.236,166.869 18.935,166.959 C18.633,167.049 18.281,167.116 17.878,167.159 C17.475,167.203 17.001,167.224 16.457,167.224 L15.509,167.224 L15.335,167.224 L15.161,167.224 L15.161,167.217 C14.857,167.209 14.575,167.184 14.331,167.133 C14.038,167.072 13.780,166.990 13.557,166.885 C13.333,166.781 13.138,166.658 12.970,166.516 C12.801,166.374 12.657,166.224 12.535,166.068 C12.291,166.259 12.046,166.427 11.800,166.572 C11.554,166.717 11.290,166.837 11.009,166.933 C10.728,167.029 10.422,167.101 10.091,167.150 C9.761,167.200 9.390,167.224 8.978,167.224 C8.294,167.224 7.661,167.084 7.078,166.803 C6.496,166.521 5.958,166.126 5.465,165.616 L6.448,164.233 C6.796,164.558 7.146,164.816 7.500,165.007 C7.854,165.198 8.204,165.332 8.552,165.407 C8.784,165.459 9.016,165.485 9.248,165.485 C9.358,165.485 9.522,165.475 9.739,165.455 C9.957,165.434 10.222,165.363 10.535,165.242 C10.831,165.126 11.073,165.000 11.261,164.863 C11.449,164.727 11.593,164.610 11.691,164.511 L8.944,157.903 L10.526,157.242 C10.804,157.920 11.058,158.537 11.287,159.094 C11.516,159.650 11.733,160.178 11.939,160.676 C12.145,161.175 12.348,161.666 12.548,162.150 C12.748,162.634 12.961,163.140 13.187,163.668 C13.303,163.946 13.414,164.200 13.522,164.429 C13.629,164.658 13.758,164.852 13.909,165.011 C14.059,165.171 14.248,165.295 14.474,165.385 C14.700,165.475 14.987,165.520 15.335,165.520 L15.509,165.520 L16.457,165.520 C17.007,165.520 17.478,165.476 17.870,165.390 C18.261,165.303 18.580,165.172 18.826,164.998 C19.072,164.824 19.254,164.607 19.370,164.346 C19.485,164.085 19.543,163.781 19.543,163.433 C19.543,163.103 19.519,162.766 19.470,162.424 C19.420,162.082 19.332,161.691 19.204,161.250 L20.839,160.790 C20.897,160.992 20.946,161.188 20.987,161.376 C21.027,161.565 21.062,161.763 21.091,161.972 C21.120,162.181 21.148,162.407 21.174,162.650 C21.200,162.894 21.225,163.169 21.248,163.476 C21.265,163.691 21.297,163.917 21.343,164.155 C21.390,164.392 21.467,164.613 21.574,164.816 C21.681,165.019 21.829,165.187 22.017,165.320 C22.206,165.453 22.448,165.520 22.743,165.520 L22.891,165.520 C23.865,165.520 24.572,165.345 25.013,164.994 C25.453,164.643 25.674,164.123 25.674,163.433 C25.674,163.103 25.649,162.766 25.600,162.424 C25.550,162.082 25.462,161.691 25.335,161.250 L26.969,160.790 C27.027,160.992 27.077,161.188 27.117,161.376 C27.158,161.565 27.192,161.763 27.221,161.972 C27.250,162.181 27.278,162.407 27.304,162.650 C27.330,162.894 27.355,163.169 27.378,163.476 C27.395,163.691 27.427,163.917 27.474,164.155 C27.520,164.392 27.597,164.613 27.704,164.816 C27.811,165.019 27.959,165.187 28.148,165.320 C28.336,165.453 28.578,165.520 28.874,165.520 L29.048,165.520 L29.787,165.520 C30.134,165.520 30.497,165.516 30.874,165.507 C31.250,165.498 31.610,165.463 31.952,165.403 C32.294,165.342 32.607,165.246 32.891,165.116 C33.175,164.985 33.398,164.798 33.561,164.555 C33.752,164.259 33.865,163.940 33.900,163.598 C33.905,163.523 33.908,163.448 33.908,163.372 C33.908,163.100 33.868,162.807 33.787,162.494 C33.723,162.256 33.565,161.953 33.313,161.585 C33.061,161.217 32.749,160.823 32.378,160.403 C32.007,159.982 31.592,159.552 31.134,159.111 C30.676,158.671 30.210,158.259 29.734,157.876 L29.934,156.094 L37.082,153.033 L37.752,154.616 ZM23.908,157.781 L25.326,156.363 L26.752,157.790 L25.335,159.207 L23.908,157.781 ZM1.404,168.337 C1.033,168.337 0.746,168.233 0.544,168.024 C0.352,167.833 0.257,167.578 0.257,167.259 C0.257,166.923 0.352,166.653 0.544,166.450 C0.746,166.236 1.033,166.129 1.404,166.129 C1.781,166.129 2.074,166.236 2.283,166.450 C2.480,166.653 2.578,166.923 2.578,167.259 C2.578,167.572 2.480,167.827 2.283,168.024 C2.068,168.233 1.775,168.337 1.404,168.337 ZM18.187,170.068 L16.778,171.476 L15.352,170.059 L16.761,168.642 L18.187,170.068 ZM21.752,170.076 L20.343,171.494 L18.917,170.068 L20.326,168.659 L21.752,170.076 ZM63.882,157.007 L62.473,158.416 L61.047,156.990 L62.456,155.581 L63.882,157.007 ZM57.230,156.981 L58.638,155.563 L60.065,156.990 L58.656,158.407 L57.230,156.981 ZM61.908,154.372 L60.621,155.659 L59.325,154.363 L60.612,153.076 L61.908,154.372 ZM45.078,165.050 C45.225,164.511 45.407,164.000 45.621,163.516 C45.836,163.032 46.065,162.592 46.308,162.198 L47.691,163.216 C47.615,163.314 47.527,163.461 47.425,163.655 C47.324,163.849 47.222,164.076 47.121,164.337 C47.020,164.598 46.924,164.885 46.834,165.198 C46.744,165.511 46.669,165.836 46.608,166.172 C46.547,166.508 46.508,166.850 46.491,167.198 C46.485,167.297 46.482,167.392 46.482,167.485 C46.482,167.740 46.499,167.987 46.534,168.224 C46.557,168.375 46.596,168.553 46.652,168.759 C46.707,168.965 46.791,169.179 46.904,169.403 C47.017,169.626 47.162,169.846 47.339,170.063 C47.515,170.281 47.737,170.475 48.004,170.646 C48.270,170.817 48.586,170.956 48.952,171.063 C49.317,171.171 49.746,171.224 50.238,171.224 L50.525,171.224 C52.995,171.120 54.494,170.256 55.021,168.633 C55.172,168.158 55.256,167.679 55.273,167.198 L55.273,167.007 C55.273,166.590 55.238,166.168 55.169,165.742 C55.099,165.316 54.998,164.897 54.865,164.485 C54.731,164.074 54.592,163.697 54.447,163.355 C54.308,163.042 54.188,162.801 54.086,162.633 C53.985,162.465 53.934,162.375 53.934,162.363 L55.386,161.424 L55.934,162.685 C56.091,163.050 56.254,163.403 56.425,163.742 C56.596,164.081 56.788,164.381 56.999,164.642 C57.211,164.903 57.450,165.108 57.717,165.259 C57.966,165.398 58.250,165.468 58.569,165.468 L58.647,165.468 C58.949,165.462 59.195,165.401 59.386,165.285 C59.578,165.169 59.728,165.016 59.839,164.824 C59.949,164.633 60.025,164.410 60.069,164.155 C60.112,163.900 60.140,163.627 60.152,163.337 C60.157,163.146 60.160,162.952 60.160,162.755 L60.160,161.563 L61.925,161.390 L61.960,162.137 C61.966,162.282 61.976,162.466 61.991,162.690 C62.005,162.913 62.030,163.150 62.065,163.403 C62.099,163.655 62.149,163.908 62.212,164.163 C62.276,164.419 62.359,164.649 62.460,164.855 C62.562,165.061 62.688,165.227 62.839,165.355 C62.989,165.482 63.172,165.546 63.386,165.546 C63.583,165.546 63.759,165.490 63.912,165.376 C64.066,165.263 64.194,165.111 64.295,164.920 C64.396,164.729 64.473,164.508 64.525,164.259 C64.560,164.062 64.578,163.859 64.578,163.650 L64.578,163.494 C64.560,163.129 64.507,162.775 64.417,162.433 C64.327,162.091 64.224,161.769 64.108,161.468 C63.992,161.166 63.870,160.891 63.743,160.642 C63.615,160.392 63.505,160.175 63.412,159.990 L64.934,159.190 C64.963,159.248 65.017,159.352 65.095,159.503 C65.173,159.653 65.262,159.839 65.360,160.059 C65.459,160.279 65.563,160.529 65.673,160.807 C65.783,161.085 65.883,161.378 65.973,161.685 C66.063,161.992 66.137,162.310 66.195,162.637 C66.253,162.965 66.282,163.291 66.282,163.616 C66.276,164.114 66.217,164.581 66.104,165.016 C65.991,165.450 65.817,165.830 65.582,166.155 C65.347,166.479 65.044,166.734 64.673,166.920 C64.302,167.106 63.853,167.198 63.325,167.198 C63.163,167.198 62.989,167.174 62.804,167.124 C62.618,167.075 62.433,167.003 62.247,166.907 C62.062,166.811 61.885,166.691 61.717,166.546 C61.549,166.401 61.404,166.236 61.282,166.050 C60.934,166.462 60.543,166.752 60.108,166.920 C59.673,167.088 59.212,167.184 58.725,167.207 C58.656,167.213 58.592,167.216 58.534,167.216 C58.407,167.216 58.276,167.206 58.143,167.185 C58.009,167.165 57.875,167.132 57.738,167.085 C57.602,167.039 57.473,166.981 57.352,166.911 C57.230,166.842 57.105,166.763 56.978,166.676 C56.983,166.775 56.986,166.876 56.986,166.981 C56.986,167.381 56.953,167.800 56.886,168.237 C56.820,168.675 56.696,169.114 56.517,169.555 C56.337,169.995 56.098,170.405 55.799,170.785 C55.501,171.165 55.131,171.500 54.691,171.789 C54.152,172.155 53.547,172.430 52.878,172.616 C52.208,172.801 51.450,172.914 50.604,172.955 L50.265,172.955 C48.728,172.955 47.470,172.520 46.491,171.650 C46.050,171.262 45.686,170.797 45.399,170.255 C45.112,169.713 44.922,169.117 44.830,168.468 C44.778,168.103 44.752,167.740 44.752,167.381 C44.752,167.161 44.769,166.852 44.804,166.455 C44.839,166.058 44.930,165.590 45.078,165.050 ZM117.289,170.337 L115.872,171.755 L114.446,170.329 L115.863,168.911 L117.289,170.337 ZM124.342,169.824 C124.846,169.424 125.244,169.000 125.537,168.550 C125.830,168.101 126.008,167.659 126.072,167.224 L125.672,167.224 C125.533,167.224 125.337,167.224 125.085,167.224 C124.833,167.224 124.547,167.210 124.229,167.181 C122.971,167.106 122.040,166.694 121.437,165.946 C121.171,165.610 121.002,165.221 120.933,164.781 C120.892,164.549 120.872,164.317 120.872,164.085 C120.872,163.865 120.897,163.585 120.946,163.246 C120.995,162.907 121.110,162.521 121.289,162.090 C121.469,161.658 121.681,161.285 121.924,160.972 C122.220,160.607 122.540,160.330 122.885,160.142 C123.230,159.953 123.588,159.859 123.959,159.859 C124.782,159.859 125.539,160.230 126.229,160.972 C126.524,161.297 126.784,161.672 127.007,162.098 C127.230,162.524 127.411,162.981 127.550,163.468 C127.689,163.955 127.785,164.462 127.837,164.990 C127.860,165.239 127.872,165.488 127.872,165.737 C127.872,166.016 127.858,166.294 127.829,166.572 C127.765,167.210 127.623,167.805 127.402,168.359 C127.182,168.913 126.901,169.424 126.559,169.894 C126.217,170.363 125.821,170.789 125.372,171.172 C124.923,171.555 124.439,171.890 123.920,172.176 C123.401,172.463 122.855,172.704 122.281,172.898 C121.707,173.092 121.121,173.236 120.524,173.329 L120.124,171.650 C121.017,171.471 121.817,171.221 122.524,170.903 C123.231,170.584 123.837,170.224 124.342,169.824 ZM126.011,164.416 C125.942,164.085 125.852,163.778 125.742,163.494 C125.631,163.210 125.508,162.953 125.372,162.724 C125.236,162.495 125.095,162.297 124.950,162.129 C124.892,162.071 124.827,162.008 124.755,161.942 C124.682,161.875 124.604,161.814 124.520,161.759 C124.436,161.704 124.347,161.659 124.255,161.624 C124.162,161.590 124.063,161.572 123.959,161.572 C123.791,161.572 123.631,161.637 123.481,161.768 C123.330,161.898 123.195,162.065 123.076,162.268 C122.958,162.471 122.858,162.698 122.776,162.950 C122.695,163.203 122.640,163.450 122.611,163.694 C122.594,163.827 122.585,163.958 122.585,164.085 C122.585,164.190 122.595,164.319 122.616,164.472 C122.636,164.626 122.695,164.763 122.794,164.885 C122.881,165.001 122.989,165.095 123.120,165.168 C123.250,165.240 123.389,165.298 123.537,165.342 C123.685,165.385 123.830,165.417 123.972,165.437 C124.114,165.458 124.237,165.471 124.342,165.476 C124.631,165.494 124.904,165.503 125.159,165.503 C125.223,165.503 125.346,165.501 125.529,165.498 C125.711,165.495 125.916,165.485 126.142,165.468 C126.124,165.097 126.081,164.746 126.011,164.416 ZM165.715,170.068 L164.306,171.476 L162.880,170.059 L164.289,168.642 L165.715,170.068 ZM169.280,170.076 L167.871,171.494 L166.445,170.068 L167.854,168.659 L169.280,170.076 ZM180.758,164.855 C181.059,164.985 181.381,165.098 181.723,165.194 C182.065,165.290 182.419,165.361 182.784,165.407 C183.004,165.436 183.222,165.450 183.436,165.450 C183.569,165.450 183.752,165.440 183.984,165.420 C184.216,165.400 184.477,165.332 184.767,165.216 C185.056,165.100 185.300,164.923 185.497,164.685 C185.584,164.581 185.627,164.424 185.627,164.216 C185.627,164.065 185.604,163.885 185.558,163.676 C185.494,163.392 185.391,163.095 185.249,162.785 C185.107,162.475 184.936,162.165 184.736,161.855 C184.536,161.545 184.314,161.243 184.071,160.950 C183.827,160.658 183.574,160.384 183.310,160.129 C183.046,159.874 182.778,159.648 182.506,159.450 C182.233,159.253 181.967,159.097 181.706,158.981 L182.410,157.398 C182.752,157.555 183.095,157.758 183.440,158.007 C183.785,158.256 184.123,158.537 184.454,158.850 C184.784,159.163 185.098,159.501 185.397,159.863 C185.695,160.226 185.968,160.600 186.214,160.985 C186.461,161.371 186.672,161.759 186.849,162.150 C187.026,162.542 187.158,162.920 187.245,163.285 C187.314,163.610 187.348,163.903 187.345,164.163 C187.342,164.424 187.317,164.656 187.271,164.859 C187.224,165.062 187.161,165.239 187.080,165.390 C186.998,165.540 186.911,165.671 186.819,165.781 C186.610,166.036 186.365,166.255 186.084,166.437 C185.803,166.620 185.500,166.769 185.175,166.885 C184.851,167.001 184.513,167.085 184.162,167.137 C183.811,167.190 183.462,167.216 183.114,167.216 C182.836,167.216 182.507,167.182 182.127,167.116 C181.748,167.049 181.369,166.961 180.993,166.850 C180.616,166.740 180.271,166.619 179.958,166.485 C179.645,166.352 179.416,166.219 179.271,166.085 L179.984,164.450 C180.198,164.590 180.456,164.724 180.758,164.855 ZM217.836,170.346 L216.409,171.772 L215.001,170.355 L216.427,168.929 L217.836,170.346 ZM219.644,172.963 L218.349,174.259 L217.062,172.972 L218.357,171.676 L219.644,172.963 ZM220.227,168.920 L221.636,170.329 L220.209,171.755 L218.801,170.346 L220.227,168.920 ZM233.192,157.998 L234.609,156.581 L236.035,158.007 L234.618,159.424 L233.192,157.998 ZM233.370,169.572 C233.819,169.103 234.180,168.604 234.452,168.076 C234.725,167.549 234.861,167.004 234.861,166.442 C234.861,166.227 234.842,166.001 234.805,165.763 C234.767,165.526 234.719,165.282 234.661,165.033 C234.603,164.784 234.539,164.534 234.470,164.285 C234.400,164.036 234.334,163.792 234.270,163.555 C234.131,163.068 233.983,162.581 233.826,162.094 L235.479,161.572 C235.560,161.845 235.641,162.113 235.722,162.376 C235.803,162.640 235.876,162.906 235.939,163.172 C236.009,163.450 236.080,163.730 236.152,164.011 C236.225,164.292 236.292,164.571 236.352,164.846 C236.413,165.121 236.464,165.392 236.505,165.659 C236.545,165.926 236.565,166.187 236.565,166.442 C236.565,166.946 236.492,167.434 236.344,167.907 C236.196,168.379 235.990,168.836 235.726,169.276 C235.462,169.717 235.149,170.137 234.787,170.537 C234.425,170.937 234.031,171.314 233.605,171.668 C233.179,172.021 232.729,172.347 232.257,172.646 C231.784,172.945 231.305,173.213 230.818,173.450 L230.061,171.920 C230.670,171.618 231.261,171.269 231.835,170.872 C232.409,170.475 232.920,170.042 233.370,169.572 ZM240.634,138.068 L239.225,139.476 L237.799,138.059 L239.208,136.642 L240.634,138.068 ZM238.922,153.755 L240.626,153.494 C240.876,155.848 241.023,157.958 241.070,159.824 C241.087,160.787 241.096,161.691 241.096,162.537 C241.096,163.048 241.089,163.729 241.074,164.581 C241.060,165.433 241.012,166.340 240.931,167.303 L239.218,167.207 C239.310,165.908 239.371,164.720 239.400,163.642 C239.412,163.155 239.418,162.688 239.418,162.242 C239.418,161.703 239.409,161.192 239.392,160.711 C239.276,157.900 239.119,155.581 238.922,153.755 ZM251.461,165.007 C251.814,165.198 252.165,165.332 252.513,165.407 C252.745,165.459 252.977,165.485 253.208,165.485 C253.319,165.485 253.482,165.475 253.700,165.455 C253.917,165.434 254.182,165.363 254.495,165.242 C254.791,165.126 255.033,165.000 255.222,164.863 C255.410,164.727 255.553,164.610 255.652,164.511 L252.904,157.903 L254.487,157.242 C254.765,157.920 255.019,158.537 255.248,159.094 C255.477,159.650 255.694,160.178 255.900,160.676 C256.105,161.175 256.308,161.666 256.508,162.150 C256.708,162.634 256.922,163.140 257.148,163.668 C257.264,163.946 257.375,164.200 257.482,164.429 C257.590,164.658 257.719,164.852 257.869,165.011 C258.020,165.171 258.208,165.295 258.435,165.385 C258.661,165.475 258.948,165.520 259.295,165.520 L259.304,165.520 C259.600,165.520 259.914,165.507 260.248,165.481 C260.581,165.455 260.911,165.417 261.239,165.368 C261.566,165.319 261.875,165.261 262.165,165.194 C262.455,165.127 262.704,165.053 262.913,164.972 C262.687,164.763 262.458,164.533 262.226,164.281 C261.994,164.029 261.761,163.765 261.526,163.490 C261.291,163.214 261.053,162.933 260.813,162.646 C260.572,162.359 260.330,162.076 260.087,161.798 L260.174,160.590 C260.469,160.323 260.778,160.100 261.100,159.920 C261.421,159.740 261.739,159.594 262.052,159.481 C262.365,159.368 262.669,159.281 262.965,159.220 C263.261,159.159 263.530,159.117 263.774,159.094 C264.046,159.065 264.316,159.050 264.582,159.050 C264.895,159.050 265.266,159.079 265.695,159.137 C266.124,159.195 266.574,159.323 267.043,159.520 C267.350,159.659 267.600,159.810 267.791,159.972 C267.982,160.134 268.130,160.294 268.234,160.450 C268.339,160.607 268.410,160.758 268.448,160.903 C268.485,161.048 268.504,161.172 268.504,161.276 C268.510,161.334 268.513,161.392 268.513,161.450 C268.513,161.676 268.456,161.943 268.343,162.250 C268.230,162.558 268.059,162.887 267.830,163.237 C267.601,163.588 267.339,163.924 267.043,164.246 C266.748,164.568 266.449,164.842 266.148,165.068 C266.548,165.219 267.016,165.332 267.552,165.407 C268.088,165.482 268.652,165.520 269.243,165.520 L269.417,165.520 L270.078,165.520 C270.414,165.520 270.724,165.513 271.008,165.498 C271.292,165.484 271.550,165.442 271.782,165.372 C272.014,165.303 272.217,165.200 272.391,165.063 C272.565,164.927 272.710,164.737 272.826,164.494 C272.884,164.372 272.927,164.219 272.956,164.033 C272.974,163.911 272.982,163.781 272.982,163.642 C272.982,163.566 272.976,163.452 272.965,163.298 C272.953,163.145 272.916,162.933 272.852,162.663 C272.788,162.394 272.695,162.111 272.574,161.816 L271.817,159.955 L273.365,159.190 C273.365,159.195 273.391,159.255 273.443,159.368 C273.495,159.481 273.563,159.633 273.648,159.824 C273.731,160.016 273.823,160.237 273.921,160.490 C274.020,160.742 274.113,161.010 274.200,161.294 C274.461,162.134 274.611,162.876 274.652,163.520 C274.658,163.613 274.661,163.706 274.661,163.798 C274.661,164.326 274.574,164.790 274.400,165.190 C274.226,165.584 274.013,165.911 273.761,166.172 C273.508,166.433 273.217,166.642 272.887,166.798 C272.556,166.955 272.187,167.065 271.778,167.129 C271.369,167.192 270.927,167.224 270.452,167.224 L269.417,167.224 L269.243,167.224 L269.069,167.224 L269.069,167.220 C268.209,167.211 267.407,167.133 266.669,166.981 C265.881,166.819 265.168,166.546 264.530,166.163 C264.165,166.337 263.766,166.490 263.334,166.620 C262.903,166.750 262.458,166.861 262.000,166.950 C261.542,167.040 261.082,167.108 260.621,167.155 C260.222,167.195 259.840,167.214 259.469,167.220 L259.469,167.224 L259.295,167.224 C259.295,167.224 259.295,167.224 259.295,167.224 C259.295,167.224 259.295,167.224 259.295,167.224 L259.121,167.224 L259.121,167.217 C258.817,167.209 258.536,167.184 258.291,167.133 C257.998,167.072 257.740,166.990 257.517,166.885 C257.294,166.781 257.098,166.658 256.930,166.516 C256.762,166.374 256.617,166.224 256.495,166.068 C256.252,166.259 256.007,166.427 255.761,166.572 C255.514,166.717 255.250,166.837 254.969,166.933 C254.688,167.029 254.382,167.101 254.052,167.150 C253.722,167.200 253.350,167.224 252.939,167.224 C252.255,167.224 251.622,167.084 251.039,166.803 C250.456,166.521 249.919,166.126 249.426,165.616 L250.408,164.233 C250.756,164.558 251.107,164.816 251.461,165.007 ZM264.548,164.120 C264.710,164.033 264.878,163.919 265.052,163.776 C265.226,163.634 265.395,163.478 265.561,163.307 C265.726,163.136 265.882,162.956 266.030,162.768 C266.178,162.579 266.307,162.398 266.417,162.224 C266.527,162.050 266.616,161.890 266.682,161.742 C266.749,161.594 266.782,161.471 266.782,161.372 C266.481,161.175 266.133,161.024 265.739,160.920 C265.345,160.816 264.933,160.763 264.504,160.763 C264.075,160.763 263.643,160.816 263.208,160.920 C262.774,161.024 262.371,161.184 262.000,161.398 C262.481,161.984 262.921,162.500 263.321,162.946 C263.721,163.392 264.130,163.784 264.548,164.120 ZM273.295,170.337 L271.878,171.755 L270.452,170.329 L271.869,168.911 L273.295,170.337 Z" fill="rgb(119, 118, 118)" fill-rule="evenodd"></path>
</svg>
<a href="/"><svg height="30px" style="margin: 0 auto;display: block;" width="105px" xmlns="http://www.w3.org/2000/svg" xmlns:xlink="http://www.w3.org/1999/xlink">
<path d="M4.000,-0.000 L101.000,-0.000 C103.209,-0.000 105.000,1.791 105.000,4.000 L105.000,26.000 C105.000,28.209 103.209,30.000 101.000,30.000 L4.000,30.000 C1.791,30.000 -0.000,28.209 -0.000,26.000 L-0.000,4.000 C-0.000,1.791 1.791,-0.000 4.000,-0.000 Z" fill="rgb(86, 210, 118)" fill-rule="evenodd"></path>
<path d="M93.606,16.398 C93.423,16.742 93.188,17.032 92.898,17.269 C92.609,17.506 92.280,17.695 91.910,17.836 C91.541,17.978 91.157,18.087 90.759,18.166 C90.362,18.244 89.964,18.295 89.566,18.319 C89.168,18.343 88.797,18.355 88.454,18.355 C88.015,18.355 87.618,18.347 87.264,18.332 C86.909,18.317 86.584,18.270 86.289,18.192 C85.993,18.113 85.719,17.991 85.467,17.823 C85.215,17.656 84.969,17.418 84.730,17.109 C84.456,17.492 84.107,17.772 83.683,17.950 C83.277,18.121 82.787,18.210 82.219,18.221 L82.219,18.224 L82.147,18.224 L82.089,18.224 L81.958,18.224 L81.958,18.220 C81.459,18.215 80.966,18.183 80.478,18.117 C79.947,18.045 79.432,17.927 78.932,17.761 C78.524,17.918 78.026,18.034 77.439,18.110 C76.891,18.181 76.307,18.216 75.691,18.220 L75.691,18.224 L75.561,18.224 L75.554,18.224 L75.430,18.224 L75.430,18.218 C75.047,18.211 74.684,18.176 74.348,18.104 C73.974,18.023 73.638,17.907 73.340,17.755 C73.042,17.603 72.786,17.417 72.570,17.197 C72.355,16.978 72.193,16.729 72.085,16.450 C71.637,16.672 71.169,16.888 70.682,17.099 C70.195,17.310 69.681,17.499 69.140,17.667 C68.599,17.834 68.026,17.969 67.421,18.071 C66.817,18.173 66.176,18.224 65.498,18.224 L64.813,18.224 L64.682,18.224 L64.558,18.224 L64.558,18.219 C64.420,18.214 64.268,18.204 64.092,18.182 C63.864,18.154 63.637,18.087 63.411,17.983 C63.067,17.822 62.780,17.557 62.550,17.187 C62.276,17.231 62.023,17.262 61.790,17.282 C61.557,17.301 61.335,17.311 61.122,17.311 C60.000,17.311 59.219,17.040 58.780,16.496 C58.658,16.353 58.573,16.196 58.523,16.026 C58.473,15.857 58.445,15.692 58.441,15.531 L58.441,15.413 C58.441,15.296 58.452,15.176 58.474,15.055 C58.495,14.933 58.526,14.826 58.565,14.735 C58.682,14.492 58.823,14.268 58.986,14.063 C59.149,13.859 59.323,13.675 59.507,13.512 C59.692,13.349 59.883,13.204 60.081,13.075 C60.279,12.947 60.470,12.834 60.655,12.736 C60.840,12.638 61.015,12.556 61.180,12.488 C61.345,12.421 61.489,12.366 61.611,12.322 C61.576,11.992 61.551,11.749 61.536,11.595 C61.520,11.441 61.513,11.361 61.513,11.357 L62.791,11.090 L62.791,11.083 C62.795,11.118 62.804,11.197 62.817,11.321 C62.830,11.445 62.845,11.591 62.863,11.758 C62.880,11.925 62.899,12.104 62.918,12.293 C62.938,12.482 62.956,12.659 62.974,12.824 C62.991,12.990 63.006,13.133 63.019,13.255 C63.032,13.376 63.041,13.453 63.045,13.483 C63.115,14.044 63.178,14.503 63.235,14.859 C63.291,15.216 63.341,15.500 63.385,15.713 C63.428,15.926 63.463,16.078 63.489,16.167 C63.515,16.256 63.535,16.313 63.548,16.340 C63.652,16.574 63.791,16.734 63.965,16.819 C64.139,16.904 64.378,16.946 64.682,16.946 L64.813,16.946 L65.498,16.946 C66.150,16.946 66.769,16.891 67.356,16.780 C67.943,16.669 68.507,16.522 69.049,16.340 C69.590,16.157 70.115,15.948 70.624,15.713 C71.132,15.479 71.635,15.237 72.130,14.990 C71.830,14.885 71.543,14.772 71.269,14.650 C70.995,14.529 70.726,14.405 70.461,14.279 C70.256,14.183 70.057,14.091 69.864,14.001 C69.670,13.912 69.483,13.833 69.303,13.763 C69.123,13.694 68.952,13.638 68.791,13.597 C68.630,13.556 68.482,13.535 68.348,13.535 C68.169,13.535 68.000,13.574 67.839,13.653 C67.678,13.731 67.529,13.830 67.392,13.949 C67.255,14.069 67.132,14.197 67.024,14.334 C66.915,14.471 66.821,14.599 66.743,14.719 C66.665,14.838 66.605,14.938 66.564,15.019 C66.522,15.099 66.502,15.142 66.502,15.146 L65.328,14.618 C65.332,14.609 65.351,14.571 65.383,14.504 C65.416,14.436 65.464,14.350 65.527,14.246 C65.590,14.142 65.666,14.022 65.755,13.887 C65.844,13.753 65.948,13.616 66.065,13.476 C66.404,13.068 66.764,12.761 67.144,12.557 C67.525,12.353 67.926,12.250 68.348,12.250 C68.556,12.250 68.768,12.274 68.983,12.322 C69.199,12.370 69.417,12.434 69.639,12.515 C69.861,12.595 70.087,12.687 70.317,12.792 C70.548,12.896 70.780,13.003 71.015,13.111 C71.271,13.233 71.531,13.353 71.794,13.470 C72.057,13.587 72.321,13.693 72.587,13.786 C72.852,13.880 73.117,13.955 73.382,14.011 C73.647,14.068 73.915,14.096 74.185,14.096 L74.432,15.335 C74.232,15.422 74.035,15.509 73.839,15.596 C73.643,15.683 73.445,15.776 73.245,15.876 C73.293,16.042 73.373,16.182 73.483,16.297 C73.594,16.412 73.722,16.510 73.868,16.591 C74.014,16.671 74.168,16.734 74.331,16.780 C74.494,16.825 74.654,16.861 74.811,16.887 C74.967,16.913 75.111,16.930 75.241,16.936 C75.371,16.943 75.476,16.946 75.554,16.946 L75.561,16.946 C75.887,16.946 76.197,16.935 76.493,16.913 C76.789,16.892 77.034,16.870 77.230,16.848 C76.665,16.353 76.382,15.792 76.382,15.166 C76.382,14.757 76.444,14.372 76.568,14.011 C76.692,13.650 76.871,13.320 77.106,13.020 C77.341,12.720 77.610,12.490 77.915,12.329 C78.193,12.181 78.478,12.107 78.769,12.107 L78.841,12.107 C79.228,12.124 79.567,12.216 79.858,12.381 C80.150,12.546 80.392,12.759 80.586,13.020 C80.779,13.281 80.921,13.574 81.013,13.900 C81.091,14.187 81.130,14.481 81.130,14.781 C81.130,14.820 81.126,14.936 81.117,15.130 C81.108,15.323 81.042,15.584 80.918,15.912 C80.794,16.241 80.615,16.533 80.380,16.790 C80.497,16.816 80.627,16.837 80.768,16.855 C80.909,16.872 81.055,16.887 81.205,16.900 C81.355,16.913 81.506,16.924 81.658,16.933 C81.810,16.942 81.956,16.946 82.095,16.946 L82.108,16.946 C82.365,16.946 82.584,16.925 82.767,16.884 C82.950,16.843 83.104,16.792 83.230,16.731 C83.356,16.670 83.457,16.604 83.533,16.532 C83.609,16.460 83.671,16.392 83.719,16.326 C83.871,16.118 83.984,15.872 84.058,15.590 C84.132,15.307 84.204,15.000 84.273,14.670 C84.308,14.483 84.345,14.303 84.384,14.129 C84.423,13.955 84.471,13.783 84.528,13.613 L85.760,13.985 C85.708,14.163 85.660,14.359 85.617,14.572 C85.573,14.785 85.552,15.005 85.552,15.231 L85.552,15.276 C85.552,15.490 85.578,15.705 85.630,15.922 C85.682,16.140 85.780,16.353 85.923,16.561 C86.149,16.083 86.410,15.628 86.706,15.195 C87.002,14.762 87.334,14.371 87.704,14.021 C88.073,13.671 88.483,13.370 88.933,13.118 C89.383,12.866 89.878,12.679 90.417,12.557 C90.665,12.500 90.910,12.472 91.154,12.472 C91.206,12.472 91.317,12.478 91.487,12.488 C91.656,12.499 91.871,12.550 92.132,12.642 C92.393,12.733 92.634,12.857 92.856,13.013 C93.078,13.170 93.269,13.356 93.430,13.571 C93.591,13.786 93.715,14.029 93.802,14.298 C93.871,14.533 93.906,14.781 93.906,15.042 L93.906,15.166 C93.889,15.644 93.789,16.055 93.606,16.398 ZM61.947,15.029 C61.892,14.663 61.830,14.203 61.761,13.646 C61.656,13.690 61.532,13.743 61.389,13.806 C61.245,13.869 61.096,13.941 60.942,14.021 C60.788,14.102 60.636,14.190 60.486,14.285 C60.336,14.381 60.201,14.485 60.081,14.598 C59.962,14.711 59.865,14.832 59.791,14.960 C59.717,15.088 59.680,15.222 59.680,15.361 C59.680,15.500 59.725,15.616 59.814,15.707 C59.903,15.798 60.018,15.869 60.160,15.919 C60.301,15.969 60.461,16.003 60.639,16.020 C60.787,16.037 60.937,16.046 61.089,16.046 C61.119,16.046 61.187,16.045 61.291,16.043 C61.395,16.041 61.529,16.031 61.692,16.013 C61.855,15.996 61.993,15.977 62.106,15.955 C62.054,15.703 62.001,15.394 61.947,15.029 ZM79.741,14.520 C79.715,14.359 79.657,14.188 79.568,14.008 C79.479,13.828 79.369,13.680 79.239,13.565 C79.108,13.449 78.971,13.392 78.828,13.392 C78.711,13.392 78.583,13.434 78.446,13.519 C78.309,13.604 78.182,13.723 78.065,13.878 C77.947,14.032 77.851,14.219 77.775,14.438 C77.699,14.658 77.661,14.900 77.661,15.166 C77.661,15.270 77.690,15.381 77.749,15.498 C77.807,15.616 77.890,15.730 77.996,15.841 C78.103,15.951 78.232,16.054 78.384,16.147 C78.537,16.241 78.704,16.311 78.887,16.359 C79.139,16.242 79.333,16.087 79.470,15.896 C79.607,15.705 79.697,15.498 79.741,15.276 C79.767,15.155 79.780,15.033 79.780,14.911 C79.780,14.811 79.767,14.681 79.741,14.520 ZM92.621,15.081 C92.621,14.890 92.588,14.721 92.520,14.575 C92.453,14.430 92.366,14.306 92.259,14.204 C92.153,14.102 92.030,14.019 91.891,13.956 C91.752,13.893 91.609,13.846 91.464,13.816 C91.318,13.785 91.173,13.771 91.030,13.773 C90.887,13.775 90.756,13.790 90.639,13.816 C90.265,13.898 89.917,14.030 89.595,14.210 C89.273,14.391 88.972,14.615 88.692,14.882 C88.412,15.149 88.145,15.460 87.893,15.815 C87.641,16.169 87.395,16.563 87.156,16.998 C87.443,17.016 87.780,17.029 88.167,17.037 L88.454,17.037 C88.750,17.037 89.074,17.027 89.429,17.005 C89.783,16.983 90.157,16.935 90.551,16.861 C90.944,16.787 91.295,16.676 91.604,16.529 C91.913,16.381 92.160,16.190 92.347,15.955 C92.530,15.724 92.621,15.442 92.621,15.107 L92.621,15.081 ZM77.706,9.550 L78.769,8.487 L79.839,9.557 L78.776,10.620 L77.706,9.550 ZM51.766,17.435 C51.577,17.631 51.359,17.787 51.111,17.905 C50.863,18.022 50.586,18.105 50.279,18.153 C49.973,18.200 49.641,18.224 49.285,18.224 L48.509,18.224 L48.372,18.224 L48.248,18.224 L48.248,18.218 C47.865,18.211 47.502,18.176 47.165,18.104 C46.791,18.023 46.455,17.907 46.158,17.755 C45.860,17.603 45.603,17.417 45.388,17.197 C45.173,16.978 45.011,16.729 44.902,16.450 C44.454,16.672 43.987,16.888 43.500,17.099 C43.013,17.310 42.499,17.499 41.958,17.667 C41.416,17.834 40.844,17.969 40.239,18.071 C39.635,18.173 38.994,18.224 38.315,18.224 L37.637,18.224 L37.481,18.224 L37.376,18.224 L37.376,18.217 C37.186,18.209 36.999,18.183 36.815,18.130 C36.598,18.067 36.392,17.976 36.199,17.859 C36.006,17.742 35.828,17.600 35.668,17.435 C35.507,17.270 35.370,17.083 35.257,16.874 C35.170,17.079 35.061,17.263 34.931,17.429 C34.800,17.594 34.651,17.735 34.484,17.853 C34.316,17.970 34.135,18.061 33.939,18.126 C33.744,18.192 33.535,18.224 33.313,18.224 C32.878,18.224 32.498,18.112 32.172,17.888 C31.846,17.665 31.602,17.359 31.441,16.972 C31.324,17.155 31.193,17.323 31.047,17.478 C30.901,17.632 30.743,17.767 30.571,17.882 C30.399,17.997 30.216,18.086 30.023,18.149 C29.829,18.212 29.626,18.244 29.413,18.244 C29.209,18.244 29.012,18.213 28.823,18.153 C28.634,18.092 28.463,18.005 28.311,17.892 C28.159,17.779 28.026,17.642 27.913,17.481 C27.800,17.320 27.715,17.142 27.659,16.946 C27.524,17.137 27.381,17.311 27.228,17.468 C27.076,17.624 26.909,17.758 26.726,17.869 C26.544,17.980 26.347,18.067 26.136,18.130 C25.959,18.183 25.765,18.208 25.559,18.217 L25.559,18.224 L25.441,18.224 L25.376,18.224 L25.305,18.224 L25.305,18.221 C24.211,18.193 23.397,17.839 22.866,17.155 C22.692,16.946 22.557,16.709 22.461,16.444 C21.313,17.644 19.503,18.244 17.029,18.244 C15.707,18.235 14.612,18.078 13.745,17.771 C12.878,17.465 12.248,16.981 11.857,16.320 C11.731,16.107 11.634,15.887 11.567,15.661 C11.499,15.435 11.457,15.209 11.439,14.983 C11.431,14.870 11.426,14.759 11.426,14.650 C11.426,14.542 11.433,14.406 11.446,14.243 C11.459,14.080 11.492,13.900 11.544,13.705 C11.652,13.292 11.758,12.965 11.860,12.723 C11.962,12.482 12.024,12.346 12.046,12.316 L13.174,12.935 C13.174,12.940 13.155,12.983 13.116,13.066 C13.076,13.148 13.033,13.257 12.985,13.392 C12.937,13.526 12.891,13.683 12.845,13.861 C12.799,14.040 12.772,14.226 12.763,14.422 C12.759,14.474 12.757,14.529 12.757,14.585 C12.757,14.729 12.772,14.888 12.803,15.065 C12.833,15.241 12.903,15.420 13.011,15.603 C13.272,16.050 13.738,16.385 14.410,16.607 C15.082,16.829 15.955,16.942 17.029,16.946 C17.989,16.946 18.807,16.862 19.481,16.695 C20.155,16.528 20.716,16.261 21.163,15.896 C21.363,15.740 21.535,15.568 21.679,15.381 C21.822,15.194 21.945,15.000 22.047,14.800 C22.149,14.600 22.236,14.398 22.308,14.194 C22.380,13.990 22.444,13.790 22.500,13.594 L23.739,13.933 C23.718,14.011 23.693,14.108 23.664,14.223 C23.636,14.338 23.611,14.456 23.589,14.575 C23.568,14.695 23.550,14.811 23.537,14.924 C23.524,15.020 23.518,15.103 23.518,15.172 L23.518,15.224 C23.526,15.411 23.555,15.607 23.603,15.811 C23.650,16.016 23.742,16.198 23.876,16.359 C24.181,16.746 24.687,16.942 25.396,16.946 L25.441,16.946 C25.624,16.946 25.801,16.905 25.973,16.822 C26.145,16.740 26.306,16.630 26.456,16.493 C26.606,16.356 26.744,16.202 26.870,16.030 C26.996,15.858 27.107,15.683 27.202,15.505 C27.302,15.305 27.387,15.108 27.457,14.915 C27.526,14.721 27.586,14.538 27.636,14.367 C27.686,14.195 27.726,14.037 27.757,13.894 C27.787,13.750 27.815,13.626 27.841,13.522 L29.094,13.868 C29.068,13.976 29.034,14.129 28.993,14.324 C28.951,14.520 28.912,14.732 28.875,14.960 C28.838,15.188 28.813,15.420 28.800,15.655 C28.796,15.742 28.794,15.824 28.794,15.903 C28.794,16.042 28.806,16.191 28.830,16.349 C28.853,16.508 28.912,16.648 29.006,16.770 C29.099,16.892 29.235,16.953 29.413,16.953 C29.635,16.953 29.834,16.894 30.010,16.776 C30.186,16.659 30.341,16.505 30.476,16.313 C30.611,16.122 30.726,15.903 30.822,15.655 C30.917,15.407 31.000,15.155 31.070,14.898 C31.139,14.642 31.195,14.388 31.236,14.138 C31.277,13.888 31.309,13.663 31.331,13.463 L32.602,13.705 C32.581,13.857 32.552,14.042 32.518,14.259 C32.483,14.477 32.457,14.705 32.439,14.944 C32.422,15.113 32.413,15.283 32.413,15.453 C32.413,15.522 32.416,15.633 32.423,15.785 C32.430,15.937 32.462,16.107 32.521,16.294 C32.580,16.481 32.672,16.633 32.798,16.750 C32.924,16.868 33.096,16.926 33.313,16.926 C33.522,16.926 33.694,16.865 33.828,16.741 C33.963,16.617 34.071,16.454 34.151,16.251 C34.232,16.049 34.289,15.823 34.324,15.573 C34.359,15.323 34.381,15.072 34.389,14.820 C34.394,14.694 34.396,14.570 34.396,14.448 C34.396,14.327 34.393,14.181 34.386,14.011 C34.380,13.842 34.372,13.679 34.363,13.522 L35.641,13.418 C35.655,13.561 35.669,13.706 35.684,13.851 C35.699,13.997 35.719,14.148 35.743,14.305 C35.766,14.461 35.797,14.627 35.834,14.800 C35.871,14.974 35.922,15.159 35.987,15.355 C36.161,15.890 36.375,16.288 36.630,16.551 C36.884,16.815 37.168,16.946 37.481,16.946 L37.637,16.946 L38.315,16.946 C38.967,16.946 39.587,16.891 40.174,16.780 C40.761,16.669 41.325,16.522 41.866,16.340 C42.408,16.157 42.933,15.948 43.441,15.713 C43.950,15.479 44.452,15.237 44.948,14.990 C44.648,14.885 44.361,14.772 44.087,14.650 C43.813,14.529 43.544,14.405 43.278,14.279 C43.074,14.183 42.875,14.091 42.682,14.001 C42.488,13.912 42.301,13.833 42.121,13.763 C41.940,13.694 41.770,13.638 41.609,13.597 C41.448,13.556 41.300,13.535 41.165,13.535 C40.987,13.535 40.817,13.574 40.657,13.653 C40.496,13.731 40.347,13.830 40.210,13.949 C40.073,14.069 39.950,14.197 39.841,14.334 C39.733,14.471 39.639,14.599 39.561,14.719 C39.483,14.838 39.423,14.938 39.382,15.019 C39.340,15.099 39.320,15.142 39.320,15.146 L38.146,14.618 C38.150,14.609 38.169,14.571 38.201,14.504 C38.234,14.436 38.282,14.350 38.345,14.246 C38.408,14.142 38.484,14.022 38.573,13.887 C38.662,13.753 38.765,13.616 38.883,13.476 C39.222,13.068 39.582,12.761 39.962,12.557 C40.342,12.353 40.744,12.250 41.165,12.250 C41.374,12.250 41.586,12.274 41.801,12.322 C42.016,12.370 42.235,12.434 42.457,12.515 C42.678,12.595 42.904,12.687 43.135,12.792 C43.365,12.896 43.598,13.003 43.833,13.111 C44.089,13.233 44.349,13.353 44.612,13.470 C44.875,13.587 45.139,13.693 45.404,13.786 C45.670,13.880 45.935,13.955 46.200,14.011 C46.465,14.068 46.733,14.096 47.002,14.096 L47.250,15.335 C47.050,15.422 46.852,15.509 46.657,15.596 C46.461,15.683 46.263,15.776 46.063,15.876 C46.111,16.042 46.190,16.182 46.301,16.297 C46.412,16.412 46.540,16.510 46.686,16.591 C46.832,16.671 46.986,16.734 47.149,16.780 C47.312,16.825 47.472,16.861 47.628,16.887 C47.785,16.913 47.928,16.930 48.059,16.936 C48.189,16.943 48.294,16.946 48.372,16.946 L48.509,16.946 L49.004,16.946 C49.256,16.946 49.489,16.941 49.702,16.930 C49.915,16.919 50.109,16.887 50.283,16.835 C50.456,16.783 50.609,16.706 50.739,16.604 C50.870,16.502 50.978,16.359 51.065,16.176 C51.109,16.085 51.141,15.970 51.163,15.831 C51.176,15.740 51.183,15.642 51.183,15.537 C51.183,15.481 51.178,15.395 51.170,15.280 C51.161,15.165 51.133,15.006 51.085,14.804 C51.037,14.601 50.967,14.390 50.876,14.168 L50.309,12.772 L51.470,12.198 C51.470,12.203 51.489,12.247 51.528,12.332 C51.567,12.417 51.618,12.531 51.682,12.674 C51.745,12.818 51.813,12.984 51.887,13.173 C51.961,13.362 52.030,13.563 52.096,13.776 C52.291,14.407 52.404,14.963 52.435,15.446 C52.439,15.516 52.441,15.585 52.441,15.655 C52.441,16.050 52.376,16.398 52.246,16.698 C52.115,16.994 51.955,17.240 51.766,17.435 ZM49.259,10.040 L50.322,8.976 L51.391,10.046 L50.328,11.109 L49.259,10.040 ZM40.004,9.948 L41.067,8.885 L42.137,9.955 L41.074,11.018 L40.004,9.948 ZM17.844,11.813 L18.900,10.757 L19.970,11.820 L18.913,12.883 L17.844,11.813 ZM15.170,11.807 L16.226,10.744 L17.296,11.813 L16.239,12.870 L15.170,11.807 Z" fill="rgb(255, 255, 255)" fill-rule="evenodd"></path>
</svg></a>
</body></html>